date,open,high,low,close,volume,amount,position
2022-01-04 00:00:00+08:00,4750.0,4889.0,4717.0,4875.0,124271.0,11977673660.0,69926.0
2022-01-05 00:00:00+08:00,4876.0,4945.0,4848.0,4932.0,163049.0,15993645760.0,62725.0
2022-01-06 00:00:00+08:00,4940.0,4986.0,4832.0,4900.0,191408.0,18725145000.0,60023.0
2022-01-07 00:00:00+08:00,4930.0,5129.0,4903.0,5110.0,218197.0,21864907740.0,63072.0
2022-01-10 00:00:00+08:00,5110.0,5119.0,4967.0,5037.0,178485.0,17979547420.0,59134.0
2022-01-11 00:00:00+08:00,5020.0,5025.0,4905.0,4975.0,183263.0,18205195860.0,54654.0
2022-01-12 00:00:00+08:00,4998.0,5040.0,4862.0,4881.0,202430.0,20040510680.0,54474.0
2022-01-13 00:00:00+08:00,4889.0,4985.0,4757.0,4776.0,245631.0,24005083840.0,48863.0
2022-01-14 00:00:00+08:00,4769.0,4822.0,4692.0,4783.0,169213.0,16093904220.0,41550.0
2022-01-17 00:00:00+08:00,4780.0,4801.0,4589.0,4641.0,181214.0,16919095280.0,39285.0
2022-01-18 00:00:00+08:00,4632.0,4741.0,4611.0,4674.0,159808.0,14936542060.0,36721.0
2022-01-19 00:00:00+08:00,4665.0,4777.0,4637.0,4658.0,181479.0,17088789820.0,32533.0
2022-01-20 00:00:00+08:00,4650.0,4818.0,4576.0,4801.0,173624.0,16234667020.0,27053.0
2022-01-21 00:00:00+08:00,4810.0,4880.0,4731.0,4820.0,130322.0,12540483940.0,18916.0
2022-01-24 00:00:00+08:00,4739.0,4805.0,4510.0,4515.0,255392.0,23944917920.0,86664.0
2022-01-25 00:00:00+08:00,4502.0,4530.0,4356.0,4410.0,229181.0,20338810240.0,88325.0
2022-01-26 00:00:00+08:00,4401.0,4457.0,4385.0,4423.0,168033.0,14847277840.0,83670.0
2022-01-27 00:00:00+08:00,4438.0,4564.0,4422.0,4530.0,180747.0,16236659960.0,69070.0
2022-01-28 00:00:00+08:00,4553.0,4728.0,4553.0,4690.0,193336.0,18021726520.0,56569.0
2022-02-07 00:00:00+08:00,4800.0,5126.0,4800.0,5126.0,123968.0,12381509560.0,57693.0
2022-02-08 00:00:00+08:00,5142.0,5178.0,5083.0,5161.0,171907.0,17642563180.0,58700.0
2022-02-09 00:00:00+08:00,5100.0,5143.0,4988.0,5076.0,185338.0,18751877660.0,58550.0
2022-02-10 00:00:00+08:00,5077.0,5134.0,4933.0,5064.0,223649.0,22514062720.0,54407.0
2022-02-11 00:00:00+08:00,5093.0,5176.0,4964.0,4974.0,240971.0,24465605040.0,54116.0
2022-02-14 00:00:00+08:00,5001.0,5447.0,4938.0,5030.0,259432.0,26375541140.0,53028.0
2022-02-15 00:00:00+08:00,4990.0,5057.0,4884.0,5039.0,190607.0,18927654520.0,45759.0
2022-02-16 00:00:00+08:00,4980.0,5023.0,4845.0,5005.0,178155.0,17533147720.0,42017.0
2022-02-17 00:00:00+08:00,5036.0,5081.0,4842.0,5025.0,155727.0,15556813260.0,38642.0
2022-02-18 00:00:00+08:00,5003.0,5066.0,4952.0,4971.0,132623.0,13256532840.0,31642.0
2022-02-21 00:00:00+08:00,4929.0,4930.0,4772.0,4808.0,129300.0,12539114740.0,27750.0
2022-02-22 00:00:00+08:00,4808.0,5011.0,4807.0,4969.0,113477.0,11199266160.0,20545.0
2022-02-23 00:00:00+08:00,4980.0,5052.0,4905.0,4961.0,76873.0,7670409980.0,15190.0
2022-02-24 00:00:00+08:00,5838.0,6268.0,5770.0,6230.0,234707.0,28327701000.0,61930.0
2022-02-25 00:00:00+08:00,6350.0,6376.0,6115.0,6246.0,259993.0,32367267600.0,60849.0
2022-02-28 00:00:00+08:00,6180.0,6671.0,6025.0,6210.0,242384.0,29915820660.0,55939.0
2022-03-01 00:00:00+08:00,6178.0,6219.0,6048.0,6157.0,160691.0,19715855020.0,52380.0
2022-03-02 00:00:00+08:00,6305.0,6564.0,6208.0,6526.0,229448.0,29339749200.0,53043.0
2022-03-03 00:00:00+08:00,6560.0,6825.0,6534.0,6767.0,223790.0,29953554960.0,49464.0
2022-03-04 00:00:00+08:00,6659.0,6757.0,6409.0,6492.0,238637.0,31324384080.0,45559.0
2022-03-07 00:00:00+08:00,6550.0,7017.0,6513.0,6979.0,196960.0,26725784700.0,45615.0
2022-03-08 00:00:00+08:00,6935.0,6946.0,6570.0,6892.0,223509.0,30246771620.0,48955.0
2022-03-09 00:00:00+08:00,6856.0,6992.0,6736.0,6905.0,169690.0,23385470120.0,44366.0
2022-03-10 00:00:00+08:00,6700.0,6735.0,6339.0,6417.0,179058.0,23415711780.0,42993.0
2022-03-11 00:00:00+08:00,6475.0,6646.0,6274.0,6435.0,163735.0,21204804160.0,36818.0
2022-03-14 00:00:00+08:00,6390.0,6431.0,6074.0,6077.0,107663.0,13448488920.0,33850.0
2022-03-15 00:00:00+08:00,6024.0,6097.0,5786.0,5844.0,114695.0,13611342180.0,32617.0
2022-03-16 00:00:00+08:00,5794.0,5961.0,5760.0,5937.0,107082.0,12544225720.0,28681.0
2022-03-17 00:00:00+08:00,5946.0,5990.0,5808.0,5900.0,90413.0,10668433100.0,27341.0
2022-03-18 00:00:00+08:00,6031.0,6218.0,6008.0,6189.0,85940.0,10496753460.0,24965.0
2022-03-21 00:00:00+08:00,6081.0,6265.0,6003.0,6233.0,68380.0,8398833120.0,22614.0
2022-03-22 00:00:00+08:00,5966.0,6266.0,5939.0,6226.0,114141.0,13957747140.0,73687.0
2022-03-23 00:00:00+08:00,6199.0,6200.0,6092.0,6163.0,94687.0,11642013360.0,70012.0
2022-03-24 00:00:00+08:00,6277.0,6478.0,6173.0,6194.0,137920.0,17467149080.0,74772.0
2022-03-25 00:00:00+08:00,6232.0,6378.0,6195.0,6359.0,129796.0,16333794420.0,73047.0
2022-03-28 00:00:00+08:00,6259.0,6351.0,6130.0,6146.0,145876.0,18225670400.0,73979.0
2022-03-29 00:00:00+08:00,6111.0,6205.0,6054.0,6170.0,113547.0,13892871940.0,70203.0
2022-03-30 00:00:00+08:00,6000.0,6170.0,5916.0,6168.0,135784.0,16378481820.0,71696.0
2022-03-31 00:00:00+08:00,6190.0,6313.0,6088.0,6166.0,139131.0,17264837320.0,67342.0
2022-04-01 00:00:00+08:00,6130.0,6204.0,5860.0,5876.0,145879.0,17593528300.0,62144.0
2022-04-06 00:00:00+08:00,5920.0,6041.0,5894.0,5948.0,74302.0,8869194760.0,57922.0
2022-04-07 00:00:00+08:00,5960.0,5992.0,5696.0,5821.0,113800.0,13308685480.0,59915.0
2022-04-08 00:00:00+08:00,5800.0,5821.0,5624.0,5694.0,101860.0,11639815460.0,58800.0
2022-04-11 00:00:00+08:00,5716.0,5854.0,5667.0,5804.0,110362.0,12697591480.0,57641.0
2022-04-12 00:00:00+08:00,5740.0,5953.0,5648.0,5924.0,107609.0,12435288360.0,52250.0
2022-04-13 00:00:00+08:00,5971.0,6016.0,5908.0,5946.0,95951.0,11441158360.0,50608.0
2022-04-14 00:00:00+08:00,6002.0,6195.0,6001.0,6152.0,104283.0,12714134060.0,49754.0
2022-04-15 00:00:00+08:00,6140.0,6309.0,6082.0,6252.0,87500.0,10854976580.0,44825.0
2022-04-18 00:00:00+08:00,6240.0,6380.0,6143.0,6349.0,95123.0,11951357320.0,43444.0
2022-04-19 00:00:00+08:00,6366.0,6391.0,6174.0,6219.0,83895.0,10579151160.0,34281.0
2022-04-20 00:00:00+08:00,6150.0,6245.0,6050.0,6185.0,69686.0,8558038280.0,29331.0
2022-04-21 00:00:00+08:00,6139.0,6250.0,6091.0,6244.0,112588.0,13888567420.0,61489.0
2022-04-22 00:00:00+08:00,6244.0,6244.0,5988.0,6020.0,139781.0,17114025960.0,61807.0
2022-04-25 00:00:00+08:00,6030.0,6049.0,5761.0,5799.0,140726.0,16599758900.0,61332.0
2022-04-26 00:00:00+08:00,5767.0,5986.0,5735.0,5906.0,137246.0,16090620840.0,62761.0
2022-04-27 00:00:00+08:00,5926.0,6207.0,5925.0,6161.0,152639.0,18587545680.0,63699.0
2022-04-28 00:00:00+08:00,6107.0,6134.0,5928.0,6006.0,170004.0,20443864900.0,59691.0
2022-04-29 00:00:00+08:00,6006.0,6234.0,5965.0,6118.0,164888.0,20037043480.0,57291.0
2022-05-05 00:00:00+08:00,6216.0,6311.0,6176.0,6245.0,79077.0,9896124580.0,58234.0
2022-05-06 00:00:00+08:00,6285.0,6340.0,6120.0,6182.0,136144.0,16954938800.0,57610.0
2022-05-09 00:00:00+08:00,6182.0,6184.0,5975.0,6112.0,162947.0,19860568660.0,54711.0
2022-05-10 00:00:00+08:00,6051.0,6127.0,5901.0,5955.0,167864.0,20205638900.0,53339.0
2022-05-11 00:00:00+08:00,5990.0,6181.0,5904.0,6180.0,150768.0,18184039080.0,54066.0
2022-05-12 00:00:00+08:00,6200.0,6248.0,6097.0,6126.0,145333.0,17971071660.0,48953.0
2022-05-13 00:00:00+08:00,6147.0,6265.0,6113.0,6183.0,121996.0,15093851880.0,47916.0
2022-05-16 00:00:00+08:00,6220.0,6276.0,6023.0,6029.0,141247.0,17437511680.0,44777.0
2022-05-17 00:00:00+08:00,6050.0,6312.0,6050.0,6283.0,125689.0,15628100400.0,47658.0
2022-05-18 00:00:00+08:00,6283.0,6331.0,6014.0,6044.0,134997.0,16643508580.0,38107.0
2022-05-19 00:00:00+08:00,6089.0,6129.0,5957.0,6088.0,121798.0,14750259400.0,30741.0
2022-05-20 00:00:00+08:00,6000.0,6092.0,5915.0,5967.0,137987.0,16573418100.0,26980.0
2022-05-23 00:00:00+08:00,5978.0,6074.0,5946.0,5961.0,97879.0,11758857960.0,22389.0
2022-05-24 00:00:00+08:00,5962.0,5985.0,5811.0,5872.0,106227.0,12482045160.0,18284.0
2022-05-25 00:00:00+08:00,5936.0,5936.0,5800.0,5892.0,56530.0,6654206060.0,12876.0
2022-05-26 00:00:00+08:00,5846.0,6064.0,5826.0,6059.0,149043.0,17707400820.0,69828.0
2022-05-27 00:00:00+08:00,6068.0,6204.0,6022.0,6181.0,122359.0,14997595040.0,72560.0
2022-05-30 00:00:00+08:00,6166.0,6250.0,6111.0,6182.0,109896.0,13565296400.0,68191.0
2022-05-31 00:00:00+08:00,6170.0,6266.0,6125.0,6230.0,101762.0,12626798300.0,67338.0
2022-06-01 00:00:00+08:00,6208.0,6235.0,5975.0,6000.0,132682.0,16161969180.0,56931.0
2022-06-02 00:00:00+08:00,6015.0,6054.0,5760.0,5831.0,151670.0,17965485480.0,58538.0
2022-06-06 00:00:00+08:00,5980.0,6030.0,5923.0,5953.0,81446.0,9718976760.0,55709.0
2022-06-07 00:00:00+08:00,5932.0,6045.0,5923.0,5976.0,121019.0,14512761760.0,52110.0
2022-06-08 00:00:00+08:00,5964.0,6052.0,5905.0,5956.0,131908.0,15743083740.0,53929.0
2022-06-09 00:00:00+08:00,5970.0,6030.0,5869.0,5903.0,148340.0,17645821220.0,54917.0
2022-06-10 00:00:00+08:00,5910.0,5935.0,5797.0,5886.0,119248.0,14007471680.0,56529.0
2022-06-13 00:00:00+08:00,5888.0,5893.0,5704.0,5733.0,122132.0,14131303880.0,60145.0
2022-06-14 00:00:00+08:00,5735.0,5774.0,5675.0,5737.0,103424.0,11853535300.0,59860.0
2022-06-15 00:00:00+08:00,5754.0,5771.0,5519.0,5562.0,125507.0,14155008640.0,62968.0
2022-06-16 00:00:00+08:00,5562.0,5794.0,5544.0,5770.0,144916.0,16508564880.0,52402.0
2022-06-17 00:00:00+08:00,5770.0,5955.0,5742.0,5945.0,154815.0,18077554860.0,48283.0
2022-06-20 00:00:00+08:00,5945.0,5980.0,5803.0,5927.0,142390.0,16754754400.0,41852.0
2022-06-21 00:00:00+08:00,5959.0,5959.0,5755.0,5888.0,130364.0,15271763340.0,33327.0
2022-06-22 00:00:00+08:00,5893.0,5940.0,5637.0,5699.0,129501.0,14997220720.0,26338.0
2022-06-23 00:00:00+08:00,5630.0,5735.0,5566.0,5693.0,104361.0,11823838300.0,20902.0
2022-06-24 00:00:00+08:00,5708.0,5750.0,5573.0,5628.0,74182.0,8404911920.0,15252.0
2022-06-27 00:00:00+08:00,5584.0,5737.0,5425.0,5694.0,162785.0,18208917360.0,67809.0
2022-06-28 00:00:00+08:00,5697.0,5847.0,5622.0,5804.0,142988.0,16420268300.0,68045.0
2022-06-29 00:00:00+08:00,5810.0,5844.0,5711.0,5793.0,124407.0,14383836260.0,68194.0
2022-06-30 00:00:00+08:00,5851.0,5913.0,5717.0,5801.0,134738.0,15658883960.0,65194.0
2022-07-01 00:00:00+08:00,5799.0,5799.0,5613.0,5652.0,141364.0,16095808420.0,60502.0
2022-07-04 00:00:00+08:00,5707.0,5970.0,5633.0,5918.0,183522.0,21213056340.0,63065.0
2022-07-05 00:00:00+08:00,5938.0,6046.0,5856.0,5902.0,143777.0,17056782740.0,60874.0
2022-07-06 00:00:00+08:00,5849.0,5896.0,5505.0,5585.0,201732.0,22846277040.0,52993.0
2022-07-07 00:00:00+08:00,5584.0,5630.0,5436.0,5518.0,226874.0,25036175140.0,53422.0
2022-07-08 00:00:00+08:00,5550.0,5635.0,5488.0,5527.0,148791.0,16541415700.0,51539.0
2022-07-11 00:00:00+08:00,5527.0,5609.0,5355.0,5410.0,188715.0,20677403160.0,53392.0
2022-07-12 00:00:00+08:00,5388.0,5525.0,5333.0,5457.0,166451.0,18153955560.0,53967.0
2022-07-13 00:00:00+08:00,5400.0,5427.0,5207.0,5413.0,177717.0,18918022180.0,51739.0
2022-07-14 00:00:00+08:00,5348.0,5550.0,5340.0,5441.0,173990.0,18906551280.0,50124.0
2022-07-15 00:00:00+08:00,5441.0,5477.0,5203.0,5208.0,176898.0,18981095980.0,49441.0
2022-07-18 00:00:00+08:00,5288.0,5510.0,5158.0,5487.0,198453.0,21162604500.0,43749.0
2022-07-19 00:00:00+08:00,5518.0,5533.0,5394.0,5420.0,114743.0,12535519260.0,35447.0
2022-07-20 00:00:00+08:00,5375.0,5450.0,5276.0,5318.0,124167.0,13290591780.0,30388.0
2022-07-21 00:00:00+08:00,5318.0,5396.0,5259.0,5344.0,91423.0,9772043520.0,25562.0
2022-07-22 00:00:00+08:00,5246.0,5474.0,5241.0,5451.0,83392.0,8953197160.0,21981.0
2022-07-25 00:00:00+08:00,5396.0,5485.0,5274.0,5325.0,52236.0,5642429820.0,14869.0
2022-07-26 00:00:00+08:00,5210.0,5399.0,5158.0,5360.0,142245.0,15011831480.0,72965.0
2022-07-27 00:00:00+08:00,5391.0,5434.0,5243.0,5261.0,117717.0,12527150760.0,70842.0
2022-07-28 00:00:00+08:00,5285.0,5496.0,5249.0,5439.0,136019.0,14621757500.0,71438.0
2022-07-29 00:00:00+08:00,5446.0,5466.0,5331.0,5389.0,114150.0,12307676940.0,64572.0
2022-08-01 00:00:00+08:00,5429.0,5547.0,5280.0,5302.0,154364.0,16750893520.0,60858.0
2022-08-02 00:00:00+08:00,5302.0,5339.0,5214.0,5324.0,114695.0,12103652020.0,56193.0
2022-08-03 00:00:00+08:00,5324.0,5469.0,5281.0,5414.0,130331.0,14013213700.0,57036.0
2022-08-04 00:00:00+08:00,5472.0,5488.0,5287.0,5304.0,109143.0,11734289760.0,52803.0
2022-08-05 00:00:00+08:00,5304.0,5315.0,5154.0,5160.0,128901.0,13491504880.0,54768.0
2022-08-08 00:00:00+08:00,5131.0,5222.0,5094.0,5177.0,113961.0,11768996400.0,53543.0
2022-08-09 00:00:00+08:00,5122.0,5245.0,5111.0,5173.0,114780.0,11915655380.0,50820.0
2022-08-10 00:00:00+08:00,5210.0,5234.0,5013.0,5026.0,131315.0,13466161080.0,59096.0
2022-08-11 00:00:00+08:00,5050.0,5194.0,4979.0,5165.0,137972.0,13999295380.0,51685.0
2022-08-12 00:00:00+08:00,5200.0,5303.0,5181.0,5300.0,109049.0,11425842320.0,44705.0
2022-08-15 00:00:00+08:00,5251.0,5353.0,5225.0,5315.0,93748.0,9907802800.0,38264.0
2022-08-16 00:00:00+08:00,5203.0,5324.0,5203.0,5273.0,93508.0,9844771700.0,32183.0
2022-08-17 00:00:00+08:00,5290.0,5304.0,5175.0,5227.0,76320.0,7993659440.0,29618.0
2022-08-18 00:00:00+08:00,5222.0,5396.0,5213.0,5345.0,86452.0,9184838260.0,30646.0
2022-08-19 00:00:00+08:00,5365.0,5413.0,5343.0,5395.0,60431.0,6499759560.0,27237.0
2022-08-22 00:00:00+08:00,5275.0,5418.0,5273.0,5397.0,116487.0,12501089780.0,73840.0
2022-08-23 00:00:00+08:00,5449.0,5584.0,5369.0,5514.0,130096.0,14267223720.0,80426.0
2022-08-24 00:00:00+08:00,5514.0,5676.0,5497.0,5667.0,135079.0,15152338960.0,85261.0
2022-08-25 00:00:00+08:00,5670.0,5788.0,5649.0,5736.0,143333.0,16405260880.0,90912.0
2022-08-26 00:00:00+08:00,5711.0,5735.0,5666.0,5707.0,115233.0,13137808420.0,93008.0
2022-08-29 00:00:00+08:00,5679.0,5762.0,5622.0,5676.0,146571.0,16673557340.0,90975.0
2022-08-30 00:00:00+08:00,5676.0,5756.0,5636.0,5732.0,131644.0,14995909880.0,94627.0
2022-08-31 00:00:00+08:00,5691.0,5697.0,5618.0,5674.0,125735.0,14236369140.0,90094.0
2022-09-01 00:00:00+08:00,5589.0,5644.0,5454.0,5491.0,152449.0,16927306200.0,78561.0
2022-09-02 00:00:00+08:00,5490.0,5549.0,5463.0,5518.0,114652.0,12622172680.0,74476.0
2022-09-05 00:00:00+08:00,5533.0,5674.0,5475.0,5641.0,120932.0,13479270380.0,72299.0
2022-09-06 00:00:00+08:00,5641.0,5663.0,5455.0,5553.0,129297.0,14373129420.0,69397.0
2022-09-07 00:00:00+08:00,5500.0,5530.0,5420.0,5459.0,127168.0,13936219660.0,64019.0
2022-09-08 00:00:00+08:00,5475.0,5570.0,5424.0,5499.0,111278.0,12215454180.0,63488.0
2022-09-09 00:00:00+08:00,5478.0,5552.0,5461.0,5484.0,119887.0,13193715420.0,57272.0
2022-09-13 00:00:00+08:00,5546.0,5728.0,5517.0,5548.0,104178.0,11680683320.0,55657.0
2022-09-14 00:00:00+08:00,5533.0,5595.0,5490.0,5526.0,96846.0,10744452440.0,52902.0
2022-09-15 00:00:00+08:00,5543.0,5625.0,5511.0,5522.0,95675.0,10670781660.0,49876.0
2022-09-16 00:00:00+08:00,5505.0,5603.0,5424.0,5562.0,120169.0,13265266100.0,45240.0
2022-09-19 00:00:00+08:00,5538.0,5576.0,5356.0,5404.0,146391.0,16023381520.0,43126.0
2022-09-20 00:00:00+08:00,5380.0,5592.0,5361.0,5538.0,113441.0,12451378900.0,36659.0
2022-09-21 00:00:00+08:00,5554.0,5564.0,5450.0,5508.0,105587.0,11614065480.0,32450.0
2022-09-22 00:00:00+08:00,5488.0,5549.0,5370.0,5426.0,114259.0,12461070580.0,28010.0
2022-09-23 00:00:00+08:00,5456.0,5464.0,5290.0,5297.0,77909.0,8366348260.0,24151.0
2022-09-26 00:00:00+08:00,5045.0,5189.0,5020.0,5024.0,141212.0,14434966880.0,81078.0
2022-09-27 00:00:00+08:00,5050.0,5104.0,4908.0,4955.0,147437.0,14765889480.0,83882.0
2022-09-28 00:00:00+08:00,4960.0,4995.0,4904.0,4929.0,121904.0,12065327200.0,82937.0
2022-09-29 00:00:00+08:00,4968.0,5058.0,4914.0,4954.0,143880.0,14328627900.0,81268.0
2022-09-30 00:00:00+08:00,4978.0,4996.0,4861.0,4875.0,119194.0,11717107520.0,79016.0
2022-10-10 00:00:00+08:00,5100.0,5128.0,5001.0,5083.0,88945.0,9020869600.0,71603.0
2022-10-11 00:00:00+08:00,5060.0,5142.0,5025.0,5125.0,102541.0,10453566780.0,66559.0
2022-10-12 00:00:00+08:00,5108.0,5127.0,5052.0,5109.0,80031.0,8148027440.0,63549.0
2022-10-13 00:00:00+08:00,5095.0,5135.0,5030.0,5062.0,96980.0,9865369880.0,61543.0
2022-10-14 00:00:00+08:00,5028.0,5062.0,4969.0,5028.0,96078.0,9639032280.0,58989.0
2022-10-17 00:00:00+08:00,5006.0,5008.0,4827.0,4885.0,117496.0,11527100540.0,58396.0
2022-10-18 00:00:00+08:00,4899.0,5028.0,4850.0,5027.0,100620.0,9902230740.0,53170.0
2022-10-19 00:00:00+08:00,4990.0,5117.0,4990.0,5098.0,113614.0,11485916820.0,45519.0
2022-10-20 00:00:00+08:00,5110.0,5227.0,5069.0,5183.0,102257.0,10562548200.0,38355.0
2022-10-21 00:00:00+08:00,5161.0,5229.0,5034.0,5063.0,106030.0,10895000240.0,29832.0
2022-10-24 00:00:00+08:00,5066.0,5200.0,5058.0,5162.0,93534.0,9644095600.0,24842.0
2022-10-25 00:00:00+08:00,5130.0,5183.0,5100.0,5172.0,77451.0,7973693820.0,17478.0
2022-10-26 00:00:00+08:00,5160.0,5284.0,5160.0,5251.0,51002.0,5340344180.0,12145.0
2022-10-27 00:00:00+08:00,5160.0,5200.0,5111.0,5162.0,93418.0,9630800440.0,68434.0
2022-10-28 00:00:00+08:00,5200.0,5248.0,5147.0,5179.0,118791.0,12364276800.0,72156.0
2022-10-31 00:00:00+08:00,5190.0,5281.0,5100.0,5149.0,136155.0,14101889340.0,70191.0
2022-11-01 00:00:00+08:00,5140.0,5256.0,5065.0,5247.0,162098.0,16754746660.0,74318.0
2022-11-02 00:00:00+08:00,5288.0,5356.0,5233.0,5322.0,122042.0,12926740640.0,74371.0
2022-11-03 00:00:00+08:00,5322.0,5378.0,5300.0,5325.0,110176.0,11758066420.0,74838.0
2022-11-04 00:00:00+08:00,5280.0,5363.0,5200.0,5323.0,144686.0,15238712280.0,72071.0
2022-11-07 00:00:00+08:00,5343.0,5373.0,5222.0,5250.0,115012.0,12137852980.0,67674.0
2022-11-08 00:00:00+08:00,5265.0,5295.0,5166.0,5270.0,120079.0,12599304660.0,70861.0
2022-11-09 00:00:00+08:00,5265.0,5275.0,5176.0,5228.0,112750.0,11783212600.0,66425.0
2022-11-10 00:00:00+08:00,5215.0,5260.0,5133.0,5177.0,109865.0,11446939400.0,62658.0
2022-11-11 00:00:00+08:00,5180.0,5292.0,5162.0,5218.0,126039.0,13152135940.0,60058.0
2022-11-14 00:00:00+08:00,5228.0,5241.0,5053.0,5077.0,137682.0,14157773940.0,55370.0
2022-11-15 00:00:00+08:00,5050.0,5153.0,5020.0,5111.0,99610.0,10146508800.0,47987.0
2022-11-16 00:00:00+08:00,5096.0,5108.0,4937.0,4960.0,129915.0,13003116440.0,49490.0
2022-11-17 00:00:00+08:00,4966.0,4996.0,4947.0,4975.0,76688.0,7632475480.0,40704.0
2022-11-18 00:00:00+08:00,5000.0,5017.0,4895.0,4952.0,80117.0,7943161440.0,33777.0
2022-11-21 00:00:00+08:00,4936.0,4962.0,4884.0,4918.0,72181.0,7116815060.0,29716.0
2022-11-22 00:00:00+08:00,4917.0,4993.0,4895.0,4967.0,51809.0,5121212720.0,24706.0
2022-11-23 00:00:00+08:00,4880.0,4919.0,4842.0,4869.0,80699.0,7879039200.0,66328.0
2022-11-24 00:00:00+08:00,4818.0,4840.0,4745.0,4766.0,114687.0,10976905020.0,73895.0
2022-11-25 00:00:00+08:00,4795.0,4847.0,4705.0,4846.0,104141.0,9939820740.0,72272.0
2022-11-28 00:00:00+08:00,4860.0,4872.0,4738.0,4786.0,95762.0,9186896100.0,71728.0
2022-11-29 00:00:00+08:00,4780.0,4893.0,4741.0,4781.0,120082.0,11530198260.0,72389.0
2022-11-30 00:00:00+08:00,4771.0,4843.0,4751.0,4840.0,102188.0,9799796360.0,74209.0
2022-12-01 00:00:00+08:00,4851.0,4957.0,4823.0,4928.0,116079.0,11380882740.0,68461.0
2022-12-02 00:00:00+08:00,4950.0,4975.0,4881.0,4908.0,88014.0,8684372000.0,66374.0
2022-12-05 00:00:00+08:00,4888.0,4897.0,4713.0,4730.0,135263.0,12969220020.0,75946.0
2022-12-06 00:00:00+08:00,4741.0,4768.0,4612.0,4671.0,104420.0,9820490380.0,76857.0
2022-12-07 00:00:00+08:00,4650.0,4706.0,4627.0,4637.0,78094.0,7282419000.0,77929.0
2022-12-08 00:00:00+08:00,4660.0,4696.0,4631.0,4654.0,83487.0,7784472580.0,74675.0
2022-12-09 00:00:00+08:00,4694.0,4719.0,4621.0,4663.0,89587.0,8375731060.0,70543.0
2022-12-12 00:00:00+08:00,4672.0,4705.0,4413.0,4436.0,131141.0,11980158360.0,72177.0
2022-12-13 00:00:00+08:00,4437.0,4649.0,4421.0,4636.0,100945.0,9191225980.0,59936.0
2022-12-14 00:00:00+08:00,4654.0,4692.0,4605.0,4617.0,71901.0,6689977380.0,55167.0
2022-12-15 00:00:00+08:00,4641.0,4669.0,4477.0,4600.0,116198.0,10650901100.0,49569.0
2022-12-16 00:00:00+08:00,4608.0,4622.0,4505.0,4545.0,93829.0,8543049080.0,47144.0
2022-12-19 00:00:00+08:00,4530.0,4571.0,4462.0,4484.0,90843.0,8216221780.0,47229.0
2022-12-20 00:00:00+08:00,4468.0,4546.0,4468.0,4492.0,77537.0,6988167920.0,40938.0
2022-12-21 00:00:00+08:00,4485.0,4524.0,4421.0,4491.0,100440.0,8983023720.0,32448.0
2022-12-22 00:00:00+08:00,4505.0,4526.0,4442.0,4454.0,56396.0,5059224320.0,28435.0
2022-12-23 00:00:00+08:00,4285.0,4334.0,4201.0,4299.0,112241.0,9592111340.0,69809.0
2022-12-26 00:00:00+08:00,4292.0,4336.0,4269.0,4322.0,94437.0,8135991400.0,71990.0
2022-12-27 00:00:00+08:00,4320.0,4397.0,4315.0,4383.0,90220.0,7880945400.0,72650.0
2022-12-28 00:00:00+08:00,4385.0,4390.0,4273.0,4294.0,98227.0,8496325620.0,77496.0
2022-12-29 00:00:00+08:00,4294.0,4315.0,4226.0,4255.0,88310.0,7539041360.0,81348.0
2022-12-30 00:00:00+08:00,4255.0,4269.0,4191.0,4238.0,96199.0,8138060980.0,82364.0
2023-01-03 00:00:00+08:00,4251.0,4332.0,4199.0,4321.0,88168.0,7541714840.0,71265.0
2023-01-04 00:00:00+08:00,4325.0,4347.0,4265.0,4293.0,84024.0,7245895280.0,66880.0
2023-01-05 00:00:00+08:00,4270.0,4298.0,4148.0,4264.0,109310.0,9267217220.0,68855.0
2023-01-06 00:00:00+08:00,4265.0,4279.0,4202.0,4244.0,82635.0,7004833160.0,69448.0
2023-01-09 00:00:00+08:00,4236.0,4318.0,4213.0,4296.0,84403.0,7204469700.0,61090.0
2023-01-10 00:00:00+08:00,4312.0,4482.0,4303.0,4448.0,125699.0,11062174720.0,54023.0
2023-01-11 00:00:00+08:00,4477.0,4546.0,4437.0,4494.0,86857.0,7792965180.0,51612.0
2023-01-12 00:00:00+08:00,4504.0,4568.0,4481.0,4557.0,72547.0,6577895080.0,48019.0
2023-01-13 00:00:00+08:00,4570.0,4656.0,4542.0,4609.0,86710.0,7972258760.0,38731.0
2023-01-16 00:00:00+08:00,4582.0,4684.0,4488.0,4618.0,84230.0,7709919460.0,29573.0
2023-01-17 00:00:00+08:00,4604.0,4653.0,4553.0,4575.0,49290.0,4537471160.0,24133.0
2023-01-18 00:00:00+08:00,4514.0,4611.0,4513.0,4603.0,73923.0,6758170980.0,79369.0
2023-01-19 00:00:00+08:00,4620.0,4762.0,4612.0,4745.0,101993.0,9594620440.0,84299.0
2023-01-20 00:00:00+08:00,4719.0,4875.0,4705.0,4871.0,75974.0,7275766260.0,81547.0
2023-01-30 00:00:00+08:00,5150.0,5170.0,5003.0,5055.0,82847.0,8394780060.0,81425.0
2023-01-31 00:00:00+08:00,5079.0,5127.0,5026.0,5074.0,110311.0,11207828420.0,81033.0
2023-02-01 00:00:00+08:00,5000.0,5040.0,4876.0,4980.0,143021.0,14140100780.0,77058.0
2023-02-02 00:00:00+08:00,4978.0,4996.0,4905.0,4926.0,110978.0,10986243340.0,77702.0
2023-02-03 00:00:00+08:00,4904.0,4920.0,4826.0,4908.0,134882.0,13151750100.0,77215.0
2023-02-06 00:00:00+08:00,4920.0,5063.0,4901.0,4936.0,135271.0,13423443520.0,77865.0
2023-02-07 00:00:00+08:00,4929.0,4960.0,4758.0,4795.0,135546.0,13169057240.0,76234.0
2023-02-08 00:00:00+08:00,4781.0,4860.0,4723.0,4848.0,133725.0,12817489280.0,72754.0
2023-02-09 00:00:00+08:00,4822.0,4844.0,4736.0,4790.0,106387.0,10163699800.0,68219.0
2023-02-10 00:00:00+08:00,4820.0,4874.0,4741.0,4789.0,135005.0,12994871340.0,61531.0
2023-02-13 00:00:00+08:00,4830.0,4915.0,4763.0,4770.0,117725.0,11412586120.0,57481.0
2023-02-14 00:00:00+08:00,4785.0,4815.0,4640.0,4654.0,124938.0,11775231660.0,53455.0
2023-02-15 00:00:00+08:00,4630.0,4635.0,4525.0,4550.0,115320.0,10551677900.0,47846.0
2023-02-16 00:00:00+08:00,4570.0,4622.0,4537.0,4596.0,95607.0,8750987980.0,38148.0
2023-02-17 00:00:00+08:00,4596.0,4676.0,4570.0,4649.0,96797.0,8961346380.0,32375.0
2023-02-20 00:00:00+08:00,4629.0,4629.0,4512.0,4564.0,100581.0,9197771720.0,27100.0
2023-02-21 00:00:00+08:00,4580.0,4614.0,4550.0,4578.0,70435.0,6453374400.0,22164.0
2023-02-22 00:00:00+08:00,4594.0,4596.0,4526.0,4563.0,39949.0,3647784780.0,17880.0
2023-02-23 00:00:00+08:00,5070.0,5079.0,4893.0,4900.0,137296.0,13646934760.0,77631.0
2023-02-24 00:00:00+08:00,4900.0,4938.0,4854.0,4936.0,109601.0,10749560280.0,76464.0
2023-02-27 00:00:00+08:00,4921.0,4959.0,4874.0,4902.0,102122.0,10062783840.0,75063.0
2023-02-28 00:00:00+08:00,4924.0,4938.0,4851.0,4931.0,107679.0,10542599000.0,71095.0
2023-03-01 00:00:00+08:00,4950.0,5075.0,4944.0,5071.0,118763.0,11854190080.0,70425.0
2023-03-02 00:00:00+08:00,5075.0,5090.0,5022.0,5057.0,92899.0,9387166020.0,65719.0
2023-03-03 00:00:00+08:00,5050.0,5117.0,5012.0,5085.0,100102.0,10130035820.0,63587.0
2023-03-06 00:00:00+08:00,5080.0,5143.0,5034.0,5068.0,123621.0,12567400760.0,61796.0
2023-03-07 00:00:00+08:00,5055.0,5149.0,5028.0,5119.0,99124.0,10096483660.0,63517.0
2023-03-08 00:00:00+08:00,5110.0,5142.0,5052.0,5084.0,87081.0,8867431520.0,58526.0
2023-03-09 00:00:00+08:00,5084.0,5089.0,4931.0,4962.0,96839.0,9686559200.0,52132.0
2023-03-10 00:00:00+08:00,4962.0,4996.0,4932.0,4953.0,74786.0,7428750520.0,49396.0
2023-03-13 00:00:00+08:00,4952.0,4987.0,4912.0,4952.0,64595.0,6393931660.0,46330.0
2023-03-14 00:00:00+08:00,4855.0,4864.0,4692.0,4742.0,107751.0,10322101680.0,41649.0
2023-03-15 00:00:00+08:00,4740.0,4763.0,4683.0,4691.0,53258.0,5032625840.0,37660.0
2023-03-16 00:00:00+08:00,4612.0,4639.0,4521.0,4544.0,70205.0,6437638200.0,30933.0
2023-03-17 00:00:00+08:00,4540.0,4551.0,4434.0,4513.0,61394.0,5525946800.0,24615.0
2023-03-20 00:00:00+08:00,4385.0,4442.0,4338.0,4359.0,73837.0,6475021620.0,81083.0
2023-03-21 00:00:00+08:00,4386.0,4397.0,4327.0,4360.0,62648.0,5463686180.0,83334.0
2023-03-22 00:00:00+08:00,4390.0,4464.0,4373.0,4427.0,92175,8148513020.0,86508
2023-03-23 00:00:00+08:00,4428.0,4446.0,4400.0,4415.0,61940.0,5479997860.0,87220.0
2023-03-24 00:00:00+08:00,4425.0,4532.0,4416.0,4504.0,97075.0,8677545140.0,86361.0
2023-03-27 00:00:00+08:00,4454.0,4498.0,4422.0,4480.0,87353.0,7803566460.0,89054.0
2023-03-28 00:00:00+08:00,4500.0,4544.0,4476.0,4515.0,70281.0,6340144440.0,89269.0
2023-03-29 00:00:00+08:00,4496.0,4550.0,4439.0,4519.0,81530.0,7351834560.0,87144.0
2023-03-30 00:00:00+08:00,4534.0,4570.0,4481.0,4506.0,73971.0,6694245560.0,86608.0
2023-03-31 00:00:00+08:00,4510.0,4548.0,4460.0,4470.0,81753.0,7366857360.0,86172.0
2023-04-03 00:00:00+08:00,4474.0,4654.0,4406.0,4610.0,143444.0,13049101020.0,80157.0
2023-04-04 00:00:00+08:00,4618.0,4706.0,4608.0,4671.0,77000.0,7179507640.0,75674.0
2023-04-06 00:00:00+08:00,4615.0,4657.0,4590.0,4630.0,39193.0,3627214300.0,72507.0
2023-04-07 00:00:00+08:00,4639.0,4652.0,4552.0,4590.0,63090.0,5790231220.0,69173.0
2023-04-10 00:00:00+08:00,4630.0,4642.0,4499.0,4529.0,71896.0,6574941260.0,65978.0
2023-04-11 00:00:00+08:00,4538.0,4605.0,4515.0,4577.0,54244.0,4952031360.0,61141.0
2023-04-12 00:00:00+08:00,4573.0,4669.0,4555.0,4662.0,58030.0,5341547000.0,59260.0
2023-04-13 00:00:00+08:00,4675.0,4787.0,4675.0,4753.0,89016.0,8460941280.0,57924.0
2023-04-14 00:00:00+08:00,4724.0,4776.0,4712.0,4734.0,64034.0,6073126180.0,55504.0
2023-04-17 00:00:00+08:00,4745.0,4745.0,4680.0,4741.0,59252.0,5589756580.0,52061.0
2023-04-18 00:00:00+08:00,4716.0,4755.0,4669.0,4722.0,65928.0,6206718840.0,42695.0
2023-04-19 00:00:00+08:00,4718.0,4752.0,4659.0,4667.0,60623.0,5704899120.0,35377.0
2023-04-20 00:00:00+08:00,4610.0,4633.0,4561.0,4609.0,78833.0,7255192120.0,72076.0
2023-04-21 00:00:00+08:00,4600.0,4693.0,4595.0,4668.0,95878.0,8907766440.0,76907.0
2023-04-24 00:00:00+08:00,4680.0,4707.0,4580.0,4627.0,108129.0,10048178040.0,73579.0
2023-04-25 00:00:00+08:00,4646.0,4780.0,4641.0,4766.0,132814.0,12566792460.0,86703.0
2023-04-26 00:00:00+08:00,4732.0,4750.0,4652.0,4685.0,108050.0,10159352620.0,81406.0
2023-04-27 00:00:00+08:00,4669.0,4669.0,4511.0,4515.0,125830.0,11528792400.0,70192.0
2023-04-28 00:00:00+08:00,4516.0,4523.0,4454.0,4473.0,92893.0,8333137540.0,66624.0
2023-05-04 00:00:00+08:00,4246.0,4342.0,4226.0,4301.0,74599.0,6392958140.0,66442.0
2023-05-05 00:00:00+08:00,4302.0,4305.0,4211.0,4274.0,83500.0,7110845000.0,65679.0
2023-05-08 00:00:00+08:00,4297.0,4338.0,4273.0,4317.0,86759.0,7469853760.0,64169.0
2023-05-09 00:00:00+08:00,4338.0,4375.0,4285.0,4294.0,81303.0,7033734500.0,62572.0
2023-05-10 00:00:00+08:00,4273.0,4356.0,4273.0,4326.0,79057.0,6832535320.0,59066.0
2023-05-11 00:00:00+08:00,4341.0,4362.0,4289.0,4315.0,84921.0,7346548760.0,57075.0
2023-05-12 00:00:00+08:00,4295.0,4300.0,4147.0,4149.0,105293.0,8889678840.0,57271.0
2023-05-15 00:00:00+08:00,4167.0,4218.0,4071.0,4123.0,88524.0,7332440740.0,54281.0
2023-05-16 00:00:00+08:00,4163.0,4168.0,4104.0,4137.0,73018.0,6033622740.0,48830.0
2023-05-17 00:00:00+08:00,4145.0,4207.0,4136.0,4162.0,69591.0,5798335400.0,43708.0
2023-05-18 00:00:00+08:00,4174.0,4222.0,4152.0,4164.0,54170.0,4524270040.0,39818.0
2023-05-19 00:00:00+08:00,4140.0,4250.0,4083.0,4249.0,76371.0,6374686640.0,32417.0
2023-05-22 00:00:00+08:00,4185.0,4230.0,4071.0,4095.0,112356.0,9350854040.0,78887.0
2023-05-23 00:00:00+08:00,4135.0,4135.0,4034.0,4061.0,92328.0,7519602140.0,85403.0
2023-05-24 00:00:00+08:00,4086.0,4205.0,4071.0,4195.0,105702.0,8775869500.0,80902.0
2023-05-25 00:00:00+08:00,4171.0,4249.0,4171.0,4222.0,107833.0,9099286820.0,79795.0
2023-05-26 00:00:00+08:00,4200.0,4200.0,4021.0,4090.0,145566.0,11917518460.0,78848.0
2023-05-29 00:00:00+08:00,4121.0,4165.0,4062.0,4136.0,119720.0,9835109660.0,72563.0
2023-05-30 00:00:00+08:00,4110.0,4140.0,4065.0,4103.0,86335.0,7080194700.0,69461.0
2023-05-31 00:00:00+08:00,3990.0,4000.0,3813.0,3813.0,184963.0,14351674620.0,82257.0
2023-06-01 00:00:00+08:00,3744.0,3903.0,3738.0,3889.0,181172.0,13847666520.0,75947.0
2023-06-02 00:00:00+08:00,3888.0,3937.0,3844.0,3905.0,110727.0,8607004500.0,67914.0
2023-06-05 00:00:00+08:00,3915.0,3952.0,3852.0,3870.0,120805.0,9428464400.0,68636.0
2023-06-06 00:00:00+08:00,3891.0,3926.0,3860.0,3878.0,110170.0,8585281600.0,64915.0
2023-06-07 00:00:00+08:00,3869.0,3904.0,3826.0,3855.0,112471.0,8688165360.0,63431.0
2023-06-08 00:00:00+08:00,3897.0,3930.0,3842.0,3864.0,94987.0,7370946840.0,59468.0
2023-06-09 00:00:00+08:00,3878.0,3887.0,3806.0,3837.0,108137.0,8302847700.0,54032.0
2023-06-12 00:00:00+08:00,3847.0,3878.0,3768.0,3843.0,105785.0,8086015260.0,46900.0
2023-06-13 00:00:00+08:00,3815.0,3831.0,3758.0,3800.0,88775.0,6748633140.0,42188.0
2023-06-14 00:00:00+08:00,3821.0,3872.0,3816.0,3844.0,72386.0,5555184020.0,39185.0
2023-06-15 00:00:00+08:00,3853.0,3883.0,3804.0,3837.0,58861.0,4526101260.0,32308.0
2023-06-16 00:00:00+08:00,3650.0,3708.0,3636.0,3699.0,120253.0,8824735580.0,100199.0
2023-06-19 00:00:00+08:00,3715.0,3725.0,3622.0,3677.0,129972.0,9548146900.0,106141.0
2023-06-20 00:00:00+08:00,3710.0,3832.0,3703.0,3770.0,206631.0,15615466360.0,106567.0
2023-06-21 00:00:00+08:00,3752.0,3779.0,3738.0,3758.0,112050.0,8432706780.0,101274.0
2023-06-26 00:00:00+08:00,3725.0,3766.0,3630.0,3659.0,111883.0,8240657280.0,111051.0
2023-06-27 00:00:00+08:00,3660.0,3688.0,3646.0,3671.0,102135.0,7483864640.0,115878.0
2023-06-28 00:00:00+08:00,3645.0,3674.0,3637.0,3653.0,89374.0,6537014460.0,118513.0
2023-06-29 00:00:00+08:00,3639.0,3701.0,3633.0,3682.0,107025.0,7858697380.0,122544.0
2023-06-30 00:00:00+08:00,3665.0,3728.0,3655.0,3675.0,140307.0,10358691760.0,133050.0
2023-07-03 00:00:00+08:00,3663.0,3695.0,3661.0,3668.0,116778.0,8584644660.0,142158.0
2023-07-04 00:00:00+08:00,3685.0,3730.0,3672.0,3700.0,162308.0,11997297840.0,143406.0
2023-07-05 00:00:00+08:00,3710.0,3718.0,3636.0,3664.0,136965.0,10072641980.0,155499.0
2023-07-06 00:00:00+08:00,3678.0,3679.0,3652.0,3670.0,97229.0,7131582340.0,159226.0
2023-07-07 00:00:00+08:00,3662.0,3716.0,3652.0,3689.0,150851.0,11138317260.0,150899.0
2023-07-10 00:00:00+08:00,3691.0,3790.0,3691.0,3755.0,173284.0,12983498160.0,150009.0
2023-07-11 00:00:00+08:00,3755.0,3838.0,3702.0,3824.0,149579.0,11348254880.0,153570.0
2023-07-12 00:00:00+08:00,3850.0,3927.0,3823.0,3922.0,162040.0,12587287640.0,148950.0
2023-07-13 00:00:00+08:00,3932.0,3946.0,3877.0,3912.0,156137.0,12223073700.0,141676.0
2023-07-14 00:00:00+08:00,3920.0,3957.0,3893.0,3912.0,142695.0,11201825280.0,142934.0
2023-07-17 00:00:00+08:00,3912.0,3926.0,3784.0,3808.0,166379.0,12792957340.0,141956.0
2023-07-18 00:00:00+08:00,3809.0,3842.0,3780.0,3836.0,115471.0,8811912260.0,141441.0
2023-07-19 00:00:00+08:00,3818.0,3880.0,3818.0,3874.0,126561.0,9767398260.0,142417.0
2023-07-20 00:00:00+08:00,3890.0,3946.0,3874.0,3922.0,163083.0,12766353300.0,140819.0
2023-07-21 00:00:00+08:00,3925.0,3940.0,3871.0,3907.0,131256.0,10250609540.0,142896.0
2023-07-24 00:00:00+08:00,3920.0,3984.0,3824.0,3890.0,215905.0,17025710640.0,141338.0
2023-07-25 00:00:00+08:00,3909.0,3956.0,3859.0,3954.0,175554.0,13714964740.0,142237.0
2023-07-26 00:00:00+08:00,3950.0,3994.0,3941.0,3970.0,164191.0,13026725300.0,141210.0
2023-07-27 00:00:00+08:00,3960.0,3986.0,3900.0,3963.0,173754.0,13750986100.0,138688.0
2023-07-28 00:00:00+08:00,3976.0,4141.0,3976.0,4138.0,273852.0,22310182580.0,140000.0
2023-07-31 00:00:00+08:00,4152.0,4195.0,4085.0,4107.0,209701.0,17369130840.0,132790.0
2023-08-01 00:00:00+08:00,4155.0,4188.0,4091.0,4175.0,164773.0,13633912580.0,132634.0
2023-08-02 00:00:00+08:00,4165.0,4165.0,4107.0,4113.0,157145.0,12990017580.0,129943.0
2023-08-03 00:00:00+08:00,4100.0,4108.0,3886.0,3941.0,243808.0,19536197200.0,126519.0
2023-08-04 00:00:00+08:00,3980.0,4002.0,3930.0,3975.0,156398.0,12408629860.0,120314.0
2023-08-07 00:00:00+08:00,3993.0,4098.0,3969.0,4051.0,220646.0,17775418320.0,113912.0
2023-08-08 00:00:00+08:00,4062.0,4113.0,4053.0,4053.0,142305.0,11629521920.0,106820.0
2023-08-09 00:00:00+08:00,4019.0,4082.0,3962.0,4078.0,142558.0,11431134300.0,101512.0
2023-08-10 00:00:00+08:00,4129.0,4289.0,4106.0,4289.0,242389.0,20403136400.0,113945.0
2023-08-11 00:00:00+08:00,4329.0,4363.0,4254.0,4319.0,261439.0,22526800320.0,101381.0
2023-08-14 00:00:00+08:00,4330.0,4455.0,4325.0,4378.0,263345.0,23128738080.0,95183.0
2023-08-15 00:00:00+08:00,4391.0,4479.0,4377.0,4468.0,187812.0,16590421800.0,92719.0
2023-08-16 00:00:00+08:00,4430.0,4495.0,4406.0,4464.0,171393.0,15244622060.0,86258.0
2023-08-17 00:00:00+08:00,4468.0,4481.0,4370.0,4451.0,162418.0,14366705520.0,76029.0
2023-08-18 00:00:00+08:00,4468.0,4585.0,4444.0,4531.0,175628.0,15855489680.0,63413.0
2023-08-21 00:00:00+08:00,4502.0,4551.0,4400.0,4471.0,166992.0,14960448120.0,51322.0
2023-08-22 00:00:00+08:00,4504.0,4700.0,4481.0,4546.0,184173.0,16938260860.0,41668.0
2023-08-23 00:00:00+08:00,4548.0,4580.0,4460.0,4532.0,123980.0,11201255940.0,30391.0
2023-08-24 00:00:00+08:00,4509.0,4545.0,4433.0,4442.0,83771.0,7548793180.0,25313.0
2023-08-25 00:00:00+08:00,5080.0,5156.0,5063.0,5130.0,120510.0,12329188200.0,90491.0
2023-08-28 00:00:00+08:00,5172.0,5290.0,5154.0,5287.0,194334.0,20287697500.0,99605.0
2023-08-29 00:00:00+08:00,5282.0,5293.0,5160.0,5215.0,190071.0,19908156140.0,98411.0
2023-08-30 00:00:00+08:00,5221.0,5318.0,5202.0,5308.0,176497.0,18561347500.0,105200.0
2023-08-31 00:00:00+08:00,5320.0,5405.0,5320.0,5365.0,179030.0,19203711360.0,104155.0
2023-09-01 00:00:00+08:00,5394.0,5517.0,5369.0,5492.0,170771.0,18582416040.0,104402.0
2023-09-04 00:00:00+08:00,5510.0,5655.0,5505.0,5613.0,202897.0,22654839400.0,106370.0
2023-09-05 00:00:00+08:00,5614.0,5699.0,5554.0,5662.0,202538.0,22822602920.0,106359.0
2023-09-06 00:00:00+08:00,5655.0,5795.0,5641.0,5763.0,245101.0,28185950740.0,105987.0
2023-09-07 00:00:00+08:00,5733.0,5740.0,5578.0,5640.0,265283.0,30058065320.0,92742.0
2023-09-08 00:00:00+08:00,5656.0,5668.0,5524.0,5551.0,244098.0,27239281780.0,88022.0
2023-09-11 00:00:00+08:00,5580.0,5740.0,5550.0,5595.0,255459.0,28820981300.0,82264.0
2023-09-12 00:00:00+08:00,5600.0,5715.0,5600.0,5679.0,208707.0,23688795620.0,82638.0
2023-09-13 00:00:00+08:00,5716.0,5818.0,5636.0,5678.0,298071.0,34231366520.0,77488.0
2023-09-14 00:00:00+08:00,5690.0,5706.0,5584.0,5687.0,237300.0,26749273260.0,76299.0
2023-09-15 00:00:00+08:00,5744.0,5775.0,5670.0,5695.0,218341.0,25013096580.0,71790.0
2023-09-18 00:00:00+08:00,5665.0,5692.0,5580.0,5661.0,182490.0,20568051000.0,63911.0
2023-09-19 00:00:00+08:00,5676.0,5808.0,5655.0,5780.0,200936.0,22952514980.0,64208.0
2023-09-20 00:00:00+08:00,5820.0,5864.0,5663.0,5711.0,193670.0,22319119240.0,44170.0
2023-09-21 00:00:00+08:00,5700.0,5757.0,5630.0,5633.0,113165.0,12906504200.0,34299.0
2023-09-22 00:00:00+08:00,5566.0,5713.0,5561.0,5689.0,242485.0,27430637120.0,102852.0
2023-09-25 00:00:00+08:00,5726.0,5740.0,5633.0,5655.0,191658.0,21770114240.0,101091.0
2023-09-26 00:00:00+08:00,5630.0,5630.0,5385.0,5415.0,293357.0,32447984960.0,103152.0
2023-09-27 00:00:00+08:00,5431.0,5496.0,5332.0,5458.0,291678.0,31634422380.0,92944.0
2023-09-28 00:00:00+08:00,5486.0,5692.0,5432.0,5681.0,260355.0,29072836240.0,79903.0
2023-10-09 00:00:00+08:00,5500.0,5573.0,5347.0,5404.0,140423.0,15306302260.0,80598.0
2023-10-10 00:00:00+08:00,5408.0,5409.0,5263.0,5311.0,237055.0,25295225740.0,80384.0
2023-10-11 00:00:00+08:00,5311.0,5312.0,5163.0,5207.0,248995.0,26062592560.0,80882.0
2023-10-12 00:00:00+08:00,5150.0,5173.0,5008.0,5084.0,292716.0,29727675460.0,79499.0
2023-10-13 00:00:00+08:00,5150.0,5162.0,5055.0,5112.0,229538.0,23434357180.0,73572.0
2023-10-16 00:00:00+08:00,5225.0,5248.0,5138.0,5163.0,254351.0,26429417380.0,65862.0
2023-10-17 00:00:00+08:00,5179.0,5180.0,5009.0,5083.0,280257.0,28420822700.0,59905.0
2023-10-18 00:00:00+08:00,5094.0,5202.0,5034.0,5151.0,255940.0,26262437480.0,50040.0
2023-10-19 00:00:00+08:00,5170.0,5202.0,5119.0,5155.0,174785.0,18059949080.0,45404.0
2023-10-20 00:00:00+08:00,5126.0,5223.0,5045.0,5170.0,194473.0,19943172160.0,38860.0
2023-10-23 00:00:00+08:00,5177.0,5260.0,5103.0,5236.0,236024.0,24489528340.0,36965.0
2023-10-24 00:00:00+08:00,5258.0,5309.0,5155.0,5220.0,208896.0,21906659460.0,29629.0
2023-10-25 00:00:00+08:00,5210.0,5210.0,5103.0,5116.0,124435.0,12813859100.0,23250.0
2023-10-26 00:00:00+08:00,5052.0,5104.0,4996.0,5033.0,206139.0,20805085440.0,93539.0
2023-10-27 00:00:00+08:00,4982.0,5155.0,4962.0,5142.0,232444.0,23567274600.0,93222.0
2023-10-30 00:00:00+08:00,5143.0,5215.0,5105.0,5136.0,230314.0,23738286800.0,91204.0
2023-10-31 00:00:00+08:00,5108.0,5160.0,5007.0,5158.0,279314.0,28317227600.0,92124.0
2023-11-01 00:00:00+08:00,5193.0,5262.0,5147.0,5238.0,355931.0,36970770400.0,100397.0
2023-11-02 00:00:00+08:00,5286.0,5294.0,5206.0,5229.0,238685.0,25087339760.0,91635.0
2023-11-03 00:00:00+08:00,5220.0,5276.0,5177.0,5248.0,223209.0,23319684140.0,86881.0
2023-11-06 00:00:00+08:00,5260.0,5268.0,5141.0,5217.0,220119.0,22920958540.0,82074.0
2023-11-07 00:00:00+08:00,5228.0,5229.0,5108.0,5115.0,210196.0,21784973480.0,77582.0
2023-11-08 00:00:00+08:00,5102.0,5146.0,5041.0,5130.0,188416.0,19177344840.0,72055.0
2023-11-09 00:00:00+08:00,5088.0,5245.0,5076.0,5235.0,245369.0,25281419840.0,68806.0
2023-11-10 00:00:00+08:00,5255.0,5378.0,5243.0,5283.0,286417.0,30423587120.0,66079.0
2023-11-13 00:00:00+08:00,5298.0,5333.0,5162.0,5210.0,236452.0,24853302260.0,61463.0
2023-11-14 00:00:00+08:00,5225.0,5288.0,5214.0,5254.0,141280.0,14832652040.0,60848.0
2023-11-15 00:00:00+08:00,5228.0,5273.0,5186.0,5262.0,184007.0,19264253560.0,56359.0
2023-11-16 00:00:00+08:00,5250.0,5250.0,5139.0,5185.0,152334.0,15817013860.0,44867.0
2023-11-17 00:00:00+08:00,5179.0,5208.0,5044.0,5101.0,166556.0,17059320680.0,36249.0
2023-11-20 00:00:00+08:00,5130.0,5224.0,5103.0,5197.0,102657.0,10592028560.0,25096.0
2023-11-21 00:00:00+08:00,5189.0,5200.0,4910.0,4917.0,228584.0,23144588480.0,97201.0
2023-11-22 00:00:00+08:00,4930.0,4990.0,4838.0,4916.0,249831.0,24639615080.0,99064.0
2023-11-23 00:00:00+08:00,4852.0,4894.0,4738.0,4837.0,307673.0,29601404080.0,96431.0
2023-11-24 00:00:00+08:00,4861.0,4892.0,4821.0,4860.0,184052.0,17867618560.0,95079.0
2023-11-27 00:00:00+08:00,4846.0,4860.0,4726.0,4807.0,249579.0,23952726740.0,95473.0
2023-11-28 00:00:00+08:00,4796.0,4848.0,4757.0,4820.0,216991.0,20846534880.0,92522.0
2023-11-29 00:00:00+08:00,4841.0,4876.0,4771.0,4773.0,189084.0,18234213820.0,90733.0
2023-11-30 00:00:00+08:00,4788.0,4825.0,4732.0,4806.0,212063.0,20271559980.0,89365.0
2023-12-01 00:00:00+08:00,4825.0,4862.0,4711.0,4732.0,232353.0,22210008760.0,89977.0
2023-12-04 00:00:00+08:00,4739.0,4739.0,4578.0,4622.0,224415.0,20840473960.0,94142.0
2023-12-05 00:00:00+08:00,4635.0,4708.0,4618.0,4672.0,151042.0,14088913560.0,86706.0
2023-12-06 00:00:00+08:00,4657.0,4707.0,4625.0,4680.0,153977.0,14375328820.0,83167.0
2023-12-07 00:00:00+08:00,4660.0,4717.0,4506.0,4550.0,206348.0,18847496620.0,83471.0
2023-12-08 00:00:00+08:00,4595.0,4874.0,4580.0,4820.0,282829.0,26786513180.0,69440.0
2023-12-11 00:00:00+08:00,4830.0,4902.0,4804.0,4841.0,196902.0,19133719700.0,65546.0
2023-12-12 00:00:00+08:00,4801.0,4833.0,4720.0,4790.0,162584.0,15495068800.0,58585.0
2023-12-13 00:00:00+08:00,4725.0,4781.0,4636.0,4712.0,186736.0,17595758620.0,54568.0
2023-12-14 00:00:00+08:00,4740.0,4831.0,4702.0,4791.0,155710.0,14851212680.0,52095.0
2023-12-15 00:00:00+08:00,4830.0,4830.0,4751.0,4771.0,120239.0,11530294380.0,49668.0
2023-12-18 00:00:00+08:00,4789.0,4805.0,4654.0,4749.0,128363.0,12145638700.0,40073.0
2023-12-19 00:00:00+08:00,4749.0,4848.0,4747.0,4799.0,128613.0,12336148920.0,33616.0
2023-12-20 00:00:00+08:00,4770.0,4893.0,4766.0,4847.0,99429.0,9609530060.0,24111.0
2023-12-21 00:00:00+08:00,4774.0,4833.0,4724.0,4774.0,195674.0,18710962300.0,76023.0
2023-12-22 00:00:00+08:00,4730.0,4852.0,4694.0,4809.0,223945.0,21356573140.0,74249.0
2023-12-25 00:00:00+08:00,4798.0,4886.0,4758.0,4811.0,210381.0,20293818200.0,73593.0
2023-12-26 00:00:00+08:00,4827.0,4829.0,4728.0,4779.0,164384.0,15698891840.0,73808.0
2023-12-27 00:00:00+08:00,4786.0,4880.0,4786.0,4848.0,181694.0,17561246040.0,75510.0
2023-12-28 00:00:00+08:00,4834.0,4888.0,4810.0,4865.0,159583.0,15467424080.0,76009.0
2023-12-29 00:00:00+08:00,4843.0,4858.0,4751.0,4796.0,182615.0,17552028840.0,68203.0
2024-01-02 00:00:00+08:00,4816.0,5030.0,4816.0,4980.0,168546.0,16736085680.0,84876.0
2024-01-03 00:00:00+08:00,4985.0,4998.0,4853.0,4868.0,159801.0,15756647360.0,75518.0
2024-01-04 00:00:00+08:00,4888.0,4897.0,4764.0,4799.0,161682.0,15615005160.0,76079.0
2024-01-05 00:00:00+08:00,4804.0,4804.0,4613.0,4658.0,209542.0,19666406340.0,65890.0
2024-01-08 00:00:00+08:00,4655.0,4664.0,4572.0,4580.0,164974.0,15235342540.0,62435.0
2024-01-09 00:00:00+08:00,4542.0,4575.0,4451.0,4472.0,156772.0,14146528600.0,60276.0
2024-01-10 00:00:00+08:00,4522.0,4538.0,4417.0,4429.0,129040.0,11532776860.0,59391.0
2024-01-11 00:00:00+08:00,4400.0,4432.0,4312.0,4384.0,223251.0,19500218060.0,56890.0
2024-01-12 00:00:00+08:00,4408.0,4422.0,4343.0,4354.0,155253.0,13587226320.0,57213.0
2024-01-15 00:00:00+08:00,4375.0,4390.0,4282.0,4339.0,171865.0,14915412020.0,53645.0
2024-01-16 00:00:00+08:00,4312.0,4378.0,4301.0,4375.0,131458.0,11429309440.0,52411.0
2024-01-17 00:00:00+08:00,4389.0,4422.0,4333.0,4354.0,155684.0,13661677780.0,48911.0
2024-01-18 00:00:00+08:00,4300.0,4379.0,4286.0,4360.0,124302.0,10790369580.0,43747.0
2024-01-19 00:00:00+08:00,4345.0,4384.0,4331.0,4365.0,106506.0,9279650860.0,38911.0
2024-01-22 00:00:00+08:00,4365.0,4413.0,4313.0,4387.0,112265.0,9803748280.0,31410.0
2024-01-23 00:00:00+08:00,4287.0,4314.0,4253.0,4290.0,167058.0,14302508000.0,87939.0
2024-01-24 00:00:00+08:00,4268.0,4300.0,4233.0,4288.0,200808.0,17134616780.0,95472.0
2024-01-25 00:00:00+08:00,4291.0,4370.0,4290.0,4349.0,235320.0,20397357880.0,92771.0
2024-01-26 00:00:00+08:00,4359.0,4375.0,4318.0,4342.0,190051.0,16540397240.0,92036.0
2024-01-29 00:00:00+08:00,4325.0,4335.0,4216.0,4325.0,305303.0,26054765380.0,88563.0
2024-01-30 00:00:00+08:00,4301.0,4382.0,4293.0,4352.0,243824.0,21179756740.0,80621.0
2024-01-31 00:00:00+08:00,4349.0,4349.0,4055.0,4123.0,384307.0,32335780880.0,101690.0
2024-02-01 00:00:00+08:00,4130.0,4176.0,4100.0,4140.0,220969.0,18287115320.0,95760.0
2024-02-02 00:00:00+08:00,4158.0,4194.0,4103.0,4128.0,249686.0,20751596440.0,86800.0
2024-02-05 00:00:00+08:00,4112.0,4148.0,4065.0,4135.0,202068.0,16632612360.0,81118.0
2024-02-06 00:00:00+08:00,4132.0,4192.0,4118.0,4181.0,146193.0,12153280040.0,67848.0
2024-02-07 00:00:00+08:00,4198.0,4237.0,4144.0,4158.0,156019.0,13083052940.0,61431.0
2024-02-08 00:00:00+08:00,4178.0,4196.0,4125.0,4158.0,96672.0,8052273140.0,50918.0
2024-02-19 00:00:00+08:00,4206.0,4255.0,4103.0,4143.0,103226.0,8609605720.0,55463.0
2024-02-20 00:00:00+08:00,4156.0,4254.0,4156.0,4236.0,161676.0,13656530400.0,54429.0
2024-02-21 00:00:00+08:00,4222.0,4267.0,4157.0,4205.0,185945.0,15654876240.0,50137.0
2024-02-22 00:00:00+08:00,4205.0,4236.0,4175.0,4233.0,124734.0,10485023640.0,49192.0
2024-02-23 00:00:00+08:00,4237.0,4251.0,4155.0,4188.0,144812.0,12175182220.0,49064.0
2024-02-26 00:00:00+08:00,4151.0,4184.0,4055.0,4139.0,184761.0,15218348860.0,45042.0
2024-02-27 00:00:00+08:00,4136.0,4197.0,4123.0,4182.0,118641.0,9863558220.0,32535.0
2024-02-28 00:00:00+08:00,4187.0,4198.0,4135.0,4137.0,66858.0,5582787620.0,21971.0
2024-02-29 00:00:00+08:00,4689.0,4741.0,4632.0,4662.0,185159.0,17354234880.0,55377.0
2024-03-01 00:00:00+08:00,4662.0,4778.0,4660.0,4747.0,187082.0,17646303640.0,60734.0
2024-03-04 00:00:00+08:00,4785.0,4795.0,4732.0,4767.0,130780.0,12463729940.0,58295.0
2024-03-05 00:00:00+08:00,4769.0,4812.0,4735.0,4749.0,129462.0,12367161320.0,54638.0
2024-03-06 00:00:00+08:00,4733.0,4752.0,4677.0,4711.0,131629.0,12408159840.0,52379.0
2024-03-07 00:00:00+08:00,4710.0,4755.0,4694.0,4723.0,116799.0,11037991740.0,50437.0
2024-03-08 00:00:00+08:00,4723.0,4738.0,4677.0,4702.0,141734.0,13349645000.0,48908.0
2024-03-11 00:00:00+08:00,4679.0,4679.0,4595.0,4608.0,140925.0,13044700040.0,57414.0
2024-03-12 00:00:00+08:00,4608.0,4635.0,4567.0,4604.0,147941.0,13623622480.0,54052.0
2024-03-13 00:00:00+08:00,4604.0,4646.0,4592.0,4626.0,112983.0,10435561780.0,51191.0
2024-03-14 00:00:00+08:00,4665.0,4719.0,4644.0,4689.0,156228.0,14630204240.0,45343.0
2024-03-15 00:00:00+08:00,4705.0,4746.0,4697.0,4711.0,101171.0,9548821160.0,42382.0
2024-03-18 00:00:00+08:00,4716.0,4798.0,4657.0,4796.0,125837.0,11881661480.0,36271.0
2024-03-19 00:00:00+08:00,4790.0,4838.0,4760.0,4792.0,100173.0,9599772920.0,31300.0
2024-03-20 00:00:00+08:00,4799.0,4812.0,4748.0,4773.0,70801.0,6775783060.0,24740.0
2024-03-21 00:00:00+08:00,4737.0,4786.0,4689.0,4774.0,54116.0,5126334400.0,18885.0
2024-03-22 00:00:00+08:00,4720.0,4732.0,4652.0,4685.0,110340.0,10342876380.0,51452.0
2024-03-25 00:00:00+08:00,4708.0,4708.0,4638.0,4666.0,117265.0,10968582280.0,52856.0
2024-03-26 00:00:00+08:00,4666.0,4746.0,4656.0,4662.0,121739.0,11427622060.0,54249.0
2024-03-27 00:00:00+08:00,4662.0,4670.0,4563.0,4569.0,122939.0,11335723560.0,57844.0
2024-03-28 00:00:00+08:00,4580.0,4623.0,4567.0,4602.0,73924.0,6803698140.0,53818.0
2024-03-29 00:00:00+08:00,4628.0,4638.0,4555.0,4594.0,85458.0,7859702920.0,52307.0
2024-04-01 00:00:00+08:00,4594.0,4669.0,4590.0,4658.0,95657.0,8876745340.0,54894.0
2024-04-02 00:00:00+08:00,4647.0,4740.0,4644.0,4721.0,105559.0,9934504720.0,59130.0
2024-04-03 00:00:00+08:00,4742.0,4820.0,4740.0,4797.0,112805.0,10806748400.0,64844.0
2024-04-08 00:00:00+08:00,4766.0,4785.0,4704.0,4768.0,76821.0,7300155620.0,59673.0
2024-04-09 00:00:00+08:00,4795.0,4813.0,4752.0,4788.0,103186.0,9866442580.0,58323.0
2024-04-10 00:00:00+08:00,4788.0,4788.0,4708.0,4729.0,103109.0,9777566080.0,53169.0
2024-04-11 00:00:00+08:00,4722.0,4742.0,4684.0,4722.0,81767.0,7714216200.0,51552.0
2024-04-12 00:00:00+08:00,4707.0,4729.0,4661.0,4722.0,84731.0,7946068580.0,46232.0
2024-04-15 00:00:00+08:00,4743.0,4761.0,4649.0,4685.0,84573.0,7962778380.0,44994.0
2024-04-16 00:00:00+08:00,4695.0,4760.0,4665.0,4673.0,84508.0,7969578220.0,39370.0
2024-04-17 00:00:00+08:00,4660.0,4772.0,4658.0,4756.0,82355.0,7790786280.0,39383.0
2024-04-18 00:00:00+08:00,4740.0,4789.0,4666.0,4678.0,102859.0,9708056980.0,30162.0
2024-04-19 00:00:00+08:00,4690.0,4800.0,4610.0,4686.0,116476.0,10951829700.0,19829.0
2024-04-22 00:00:00+08:00,4612.0,4648.0,4586.0,4613.0,98346.0,9083208600.0,55008.0
2024-04-23 00:00:00+08:00,4613.0,4645.0,4583.0,4603.0,94962.0,8758880260.0,62012.0
2024-04-24 00:00:00+08:00,4566.0,4635.0,4551.0,4631.0,82892.0,7626735240.0,63071.0
2024-04-25 00:00:00+08:00,4639.0,4674.0,4603.0,4634.0,101797.0,9435089400.0,60633.0
2024-04-26 00:00:00+08:00,4634.0,4668.0,4592.0,4644.0,124464.0,11530333500.0,58973.0
2024-04-29 00:00:00+08:00,4656.0,4680.0,4598.0,4634.0,120654.0,11203116600.0,57633.0
2024-04-30 00:00:00+08:00,4640.0,4661.0,4552.0,4556.0,109889.0,10123168620.0,59567.0
2024-05-06 00:00:00+08:00,4458.0,4502.0,4423.0,4460.0,69280.0,6174582120.0,70278.0
2024-05-07 00:00:00+08:00,4468.0,4507.0,4448.0,4493.0,84686.0,7579185000.0,70888.0
2024-05-08 00:00:00+08:00,4483.0,4546.0,4475.0,4521.0,88365.0,7980168000.0,68898.0
2024-05-09 00:00:00+08:00,4520.0,4525.0,4465.0,4496.0,96630.0,8682102720.0,63572.0
2024-05-10 00:00:00+08:00,4501.0,4525.0,4468.0,4504.0,93176.0,8385555360.0,62115.0
2024-05-13 00:00:00+08:00,4508.0,4515.0,4435.0,4474.0,93593.0,8373720560.0,62826.0
2024-05-14 00:00:00+08:00,4485.0,4508.0,4443.0,4458.0,67989.0,6089065300.0,63775.0
2024-05-15 00:00:00+08:00,4438.0,4485.0,4430.0,4471.0,81397.0,7258817760.0,59161.0
2024-05-16 00:00:00+08:00,4458.0,4520.0,4447.0,4514.0,89857.0,8048982060.0,54174.0
2024-05-17 00:00:00+08:00,4524.0,4664.0,4518.0,4662.0,126605.0,11588939280.0,49544.0
2024-05-20 00:00:00+08:00,4670.0,4791.0,4670.0,4780.0,107932.0,10197991940.0,48261.0
2024-05-21 00:00:00+08:00,4762.0,4810.0,4749.0,4795.0,87374.0,8344865660.0,47294.0
2024-05-22 00:00:00+08:00,4770.0,4786.0,4737.0,4744.0,74435.0,7085232360.0,35292.0
2024-05-23 00:00:00+08:00,4742.0,4747.0,4675.0,4694.0,60302.0,5685279680.0,22813.0
2024-05-24 00:00:00+08:00,4622.0,4675.0,4582.0,4664.0,92999.0,8615482340.0,74317.0
2024-05-27 00:00:00+08:00,4650.0,4785.0,4640.0,4779.0,221359.0,20934769700.0,91359.0
2024-05-28 00:00:00+08:00,4800.0,4870.0,4783.0,4797.0,194193.0,18726455080.0,100936.0
2024-05-29 00:00:00+08:00,4810.0,4810.0,4724.0,4792.0,126837.0,12088798120.0,101744.0
2024-05-30 00:00:00+08:00,4790.0,4846.0,4743.0,4778.0,163295.0,15637340200.0,101342.0
2024-05-31 00:00:00+08:00,4778.0,4815.0,4711.0,4746.0,168175.0,16023817120.0,103169.0
2024-06-03 00:00:00+08:00,4790.0,4813.0,4603.0,4625.0,159565.0,14992528560.0,99500.0
2024-06-04 00:00:00+08:00,4623.0,4636.0,4517.0,4535.0,131605.0,12035278120.0,97380.0
2024-06-05 00:00:00+08:00,4525.0,4529.0,4464.0,4473.0,101703.0,9141856580.0,92999.0
2024-06-06 00:00:00+08:00,4483.0,4507.0,4438.0,4461.0,121415.0,10869935560.0,92741.0
2024-06-07 00:00:00+08:00,4458.0,4497.0,4424.0,4444.0,128969.0,11505802820.0,93274.0
2024-06-11 00:00:00+08:00,4479.0,4527.0,4461.0,4510.0,125789.0,11317118920.0,94050.0
2024-06-12 00:00:00+08:00,4510.0,4574.0,4502.0,4571.0,164541.0,14963682060.0,91135.0
2024-06-13 00:00:00+08:00,4594.0,4604.0,4471.0,4493.0,161972.0,14681483440.0,92097.0
2024-06-14 00:00:00+08:00,4498.0,4521.0,4440.0,4503.0,149521.0,13416266200.0,85662.0
2024-06-17 00:00:00+08:00,4528.0,4586.0,4479.0,4481.0,212260.0,19270089740.0,86097.0
2024-06-18 00:00:00+08:00,4490.0,4577.0,4484.0,4557.0,137185.0,12449601420.0,85639.0
2024-06-19 00:00:00+08:00,4557.0,4699.0,4556.0,4675.0,214514.0,19893418760.0,94965.0
2024-06-20 00:00:00+08:00,4692.0,4709.0,4650.0,4692.0,120990.0,11326988460.0,96234.0
2024-06-21 00:00:00+08:00,4704.0,4709.0,4654.0,4661.0,104164.0,9748551760.0,93416.0
2024-06-24 00:00:00+08:00,4655.0,4674.0,4604.0,4638.0,137203.0,12719077980.0,90462.0
2024-06-25 00:00:00+08:00,4646.0,4727.0,4636.0,4726.0,152102.0,14215613820.0,101127.0
2024-06-26 00:00:00+08:00,4720.0,4726.0,4622.0,4698.0,128921.0,12052931800.0,98754.0
2024-06-27 00:00:00+08:00,4695.0,4709.0,4660.0,4677.0,115657.0,10836033420.0,99892.0
2024-06-28 00:00:00+08:00,4703.0,4764.0,4686.0,4752.0,119032.0,11240683160.0,107858.0
2024-07-01 00:00:00+08:00,4751.0,4752.0,4682.0,4705.0,98524.0,9281177740.0,102492.0
2024-07-02 00:00:00+08:00,4705.0,4781.0,4689.0,4768.0,98394.0,9346861600.0,104836.0
2024-07-03 00:00:00+08:00,4788.0,4802.0,4760.0,4781.0,73502.0,7026741620.0,107614.0
2024-07-04 00:00:00+08:00,4788.0,4794.0,4743.0,4747.0,82565.0,7877426980.0,107121.0
2024-07-05 00:00:00+08:00,4749.0,4749.0,4663.0,4685.0,91563.0,8621540200.0,98726.0
2024-07-08 00:00:00+08:00,4690.0,4700.0,4630.0,4634.0,90834.0,8461595940.0,91683.0
2024-07-09 00:00:00+08:00,4644.0,4650.0,4583.0,4592.0,80306.0,7416320140.0,84732.0
2024-07-10 00:00:00+08:00,4576.0,4638.0,4509.0,4520.0,90699.0,8250958340.0,77404.0
2024-07-11 00:00:00+08:00,4526.0,4596.0,4522.0,4572.0,74717.0,6818984020.0,76693.0
2024-07-12 00:00:00+08:00,4575.0,4592.0,4536.0,4571.0,69440.0,6342327680.0,74805.0
2024-07-15 00:00:00+08:00,4560.0,4578.0,4521.0,4529.0,66715.0,6066613980.0,73139.0
2024-07-16 00:00:00+08:00,4528.0,4569.0,4525.0,4557.0,63085.0,5737467280.0,74674.0
2024-07-17 00:00:00+08:00,4530.0,4574.0,4505.0,4521.0,85568.0,7763291040.0,74823.0
2024-07-18 00:00:00+08:00,4540.0,4584.0,4526.0,4570.0,76813.0,6987555680.0,72343.0
2024-07-19 00:00:00+08:00,4547.0,4563.0,4521.0,4527.0,66460.0,6032765860.0,72974.0
2024-07-22 00:00:00+08:00,4524.0,4527.0,4406.0,4450.0,118763.0,10594903340.0,76917.0
2024-07-23 00:00:00+08:00,4432.0,4488.0,4422.0,4475.0,72217.0,6442658280.0,75857.0
2024-07-24 00:00:00+08:00,4460.0,4599.0,4448.0,4558.0,136736.0,12368038400.0,77485.0
2024-07-25 00:00:00+08:00,4558.0,4562.0,4472.0,4488.0,87585.0,7902423980.0,74912.0
2024-07-26 00:00:00+08:00,4478.0,4548.0,4456.0,4526.0,81166.0,7323821280.0,73118.0
2024-07-29 00:00:00+08:00,4510.0,4565.0,4472.0,4518.0,111013.0,10034039000.0,70104.0
2024-07-30 00:00:00+08:00,4503.0,4534.0,4457.0,4506.0,96539.0,8690866140.0,70771.0
2024-07-31 00:00:00+08:00,4500.0,4594.0,4481.0,4578.0,123789.0,11234413940.0,70174.0
2024-08-01 00:00:00+08:00,4601.0,4620.0,4571.0,4614.0,89033.0,8185845420.0,66154.0
2024-08-02 00:00:00+08:00,4636.0,4663.0,4591.0,4617.0,99265.0,9184655300.0,64131.0
2024-08-05 00:00:00+08:00,4574.0,4574.0,4455.0,4462.0,133603.0,12042243600.0,64758.0
2024-08-06 00:00:00+08:00,4430.0,4509.0,4430.0,4464.0,68417.0,6123104420.0,62522.0
2024-08-07 00:00:00+08:00,4438.0,4492.0,4432.0,4479.0,58430.0,5215523260.0,58830.0
2024-08-08 00:00:00+08:00,4519.0,4539.0,4481.0,4490.0,66128.0,5964360160.0,56586.0
2024-08-09 00:00:00+08:00,4500.0,4546.0,4471.0,4483.0,72563.0,6542172680.0,51553.0
2024-08-12 00:00:00+08:00,4486.0,4560.0,4456.0,4560.0,74722.0,6712600760.0,45345.0
2024-08-13 00:00:00+08:00,4570.0,4600.0,4550.0,4562.0,72363.0,6627091900.0,43510.0
2024-08-14 00:00:00+08:00,4555.0,4564.0,4495.0,4513.0,55065.0,4985078500.0,37280.0
2024-08-15 00:00:00+08:00,4513.0,4522.0,4424.0,4477.0,60614.0,5416291940.0,31157.0
2024-08-16 00:00:00+08:00,5013.0,5082.0,5002.0,5043.0,81418.0,8225295180.0,64362.0
2024-08-19 00:00:00+08:00,4997.0,5088.0,4987.0,5050.0,70142.0,7075644300.0,67960.0
2024-08-20 00:00:00+08:00,5072.0,5080.0,4982.0,5041.0,106373.0,10696275640.0,69466.0
2024-08-21 00:00:00+08:00,5041.0,5067.0,5028.0,5056.0,64750.0,6540026060.0,70684.0
2024-08-22 00:00:00+08:00,5065.0,5110.0,5013.0,5031.0,106585.0,10789531480.0,71605.0
2024-08-23 00:00:00+08:00,5051.0,5065.0,5006.0,5027.0,84474.0,8510626940.0,71215.0
2024-08-26 00:00:00+08:00,5064.0,5150.0,5039.0,5140.0,102504.0,10461571320.0,73068.0
2024-08-27 00:00:00+08:00,5180.0,5187.0,5134.0,5181.0,57668.0,5956378660.0,74450.0
2024-08-28 00:00:00+08:00,5165.0,5195.0,5151.0,5160.0,58053.0,6005800300.0,73326.0
2024-08-29 00:00:00+08:00,5145.0,5163.0,5120.0,5130.0,61602.0,6336916240.0,70636.0
2024-08-30 00:00:00+08:00,5130.0,5166.0,5113.0,5141.0,73501.0,7554885620.0,65715.0
2024-09-02 00:00:00+08:00,5141.0,5150.0,5030.0,5032.0,89004.0,9029835400.0,56384.0
2024-09-03 00:00:00+08:00,5050.0,5051.0,4982.0,4983.0,68105.0,6832070780.0,58291.0
2024-09-04 00:00:00+08:00,4911.0,4933.0,4840.0,4850.0,95662.0,9344641760.0,61360.0
2024-09-05 00:00:00+08:00,4860.0,4905.0,4833.0,4848.0,63787.0,6213364060.0,61956.0
2024-09-06 00:00:00+08:00,4873.0,4907.0,4831.0,4848.0,73386.0,7145282240.0,59771.0
2024-09-09 00:00:00+08:00,4847.0,4847.0,4775.0,4813.0,66768.0,6422865820.0,57021.0
2024-09-10 00:00:00+08:00,4830.0,4846.0,4741.0,4756.0,67518.0,6483154060.0,54942.0
2024-09-11 00:00:00+08:00,4741.0,4756.0,4641.0,4721.0,73578.0,6923100800.0,50918.0
2024-09-12 00:00:00+08:00,4728.0,4734.0,4578.0,4720.0,107723.0,10050192460.0,48053.0
2024-09-13 00:00:00+08:00,4701.0,4764.0,4695.0,4721.0,61691.0,5831377860.0,44884.0
2024-09-18 00:00:00+08:00,4760.0,4767.0,4687.0,4728.0,45610.0,4307044360.0,43094.0
2024-09-19 00:00:00+08:00,4744.0,4795.0,4716.0,4789.0,53776.0,5112882920.0,37121.0
2024-09-20 00:00:00+08:00,4792.0,4805.0,4738.0,4760.0,34119.0,3254929700.0,31860.0
2024-09-23 00:00:00+08:00,4615.0,4630.0,4548.0,4562.0,75663.0,6928405520.0,76046.0
2024-09-24 00:00:00+08:00,4570.0,4666.0,4550.0,4656.0,81229.0,7481271680.0,72862.0
2024-09-25 00:00:00+08:00,4666.0,4756.0,4666.0,4682.0,88610.0,8356148160.0,67514.0
2024-09-26 00:00:00+08:00,4668.0,4720.0,4609.0,4655.0,94927.0,8856635260.0,63055.0
2024-09-27 00:00:00+08:00,4645.0,4703.0,4610.0,4686.0,78267.0,7294779280.0,55620.0
2024-09-30 00:00:00+08:00,4694.0,4817.0,4668.0,4792.0,75606.0,7193694760.0,45506.0
2024-10-08 00:00:00+08:00,5005.0,5078.0,4964.0,5023.0,78831.0,7919627040.0,40413.0
2024-10-09 00:00:00+08:00,5029.0,5030.0,4861.0,4930.0,86823.0,8546083980.0,38064.0
2024-10-10 00:00:00+08:00,4904.0,4967.0,4877.0,4905.0,63425.0,6240327200.0,33770.0
2024-10-11 00:00:00+08:00,4928.0,4982.0,4917.0,4955.0,49997.0,4949919000.0,34163.0
2024-10-14 00:00:00+08:00,4945.0,4972.0,4910.0,4932.0,59912.0,5915199820.0,30864.0
2024-10-15 00:00:00+08:00,4920.0,4939.0,4814.0,4825.0,64992.0,6341337000.0,25923.0
2024-10-16 00:00:00+08:00,4816.0,4849.0,4802.0,4807.0,33930.0,3276045520.0,23605.0
2024-10-17 00:00:00+08:00,4802.0,4837.0,4758.0,4762.0,34492.0,3311944080.0,19673.0
2024-10-18 00:00:00+08:00,4776.0,4795.0,4752.0,4786.0,27130.0,2589948880.0,17532.0
2024-10-21 00:00:00+08:00,4708.0,4724.0,4645.0,4662.0,44921.0,4201784420.0,50546.0
2024-10-22 00:00:00+08:00,4687.0,4691.0,4620.0,4656.0,46210.0,4302948900.0,54090.0
2024-10-23 00:00:00+08:00,4677.0,4714.0,4665.0,4674.0,50106.0,4700227340.0,55703.0
2024-10-24 00:00:00+08:00,4650.0,4685.0,4625.0,4685.0,42462.0,3954206460.0,57630.0
2024-10-25 00:00:00+08:00,4685.0,4740.0,4647.0,4664.0,58765.0,5515647840.0,59784.0
2024-10-28 00:00:00+08:00,4687.0,4692.0,4560.0,4632.0,62265.0,5759753180.0,60978.0
2024-10-29 00:00:00+08:00,4586.0,4620.0,4536.0,4561.0,49252.0,4513071040.0,62010.0
2024-10-30 00:00:00+08:00,4579.0,4590.0,4475.0,4510.0,69349.0,6259548120.0,66627.0
2024-10-31 00:00:00+08:00,4516.0,4534.0,4484.0,4524.0,57692.0,5207636280.0,66461.0
2024-11-01 00:00:00+08:00,4535.0,4543.0,4484.0,4517.0,46212.0,4172307540.0,64933.0
2024-11-04 00:00:00+08:00,4505.0,4532.0,4472.0,4515.0,47965.0,4320168580.0,65181.0
2024-11-05 00:00:00+08:00,4535.0,4540.0,4496.0,4513.0,47987.0,4336357260.0,62736.0
2024-11-06 00:00:00+08:00,4520.0,4535.0,4336.0,4375.0,110497.0,9816640420.0,70939.0
2024-11-07 00:00:00+08:00,4370.0,4453.0,4336.0,4428.0,80142.0,7047836760.0,65787.0
2024-11-08 00:00:00+08:00,4415.0,4487.0,4410.0,4445.0,60950.0,5430875320.0,56197.0
2024-11-11 00:00:00+08:00,4429.0,4469.0,4376.0,4408.0,45529.0,4022362760.0,54095.0
2024-11-12 00:00:00+08:00,4366.0,4423.0,4366.0,4410.0,39689.0,3492358760.0,50435.0
2024-11-13 00:00:00+08:00,4402.0,4431.0,4386.0,4408.0,34946.0,3083850180.0,48229.0
2024-11-14 00:00:00+08:00,4407.0,4470.0,4391.0,4464.0,65614.0,5828259900.0,43058.0
2024-11-15 00:00:00+08:00,4492.0,4535.0,4414.0,4415.0,77861,6981589280.0,36000
2024-11-18 00:00:00+08:00,4435.0,4439.0,4312.0,4359.0,57708,5038164820.0,34201
2024-11-19 00:00:00+08:00,4368.0,4486.0,4354.0,4485.0,49340,4358014680.0,27642
2024-11-20 00:00:00+08:00,4485.0,4500.0,4453.0,4478.0,33166,2967228020.0,20920
2024-11-21 00:00:00+08:00,4416.0,4476.0,4400.0,4435.0,80698,7165346720.0,46995
2024-11-22 00:00:00+08:00,4456.0,4458.0,4393.0,4418.0,57657,5109088160.0,46951
2024-11-25 00:00:00+08:00,4430.0,4467.0,4400.0,4444.0,60038,5326987420.0,45401
2024-11-26 00:00:00+08:00,4451.0,4463.0,4379.0,4414.0,61771,5441605200.0,47046
2024-11-27 00:00:00+08:00,4414.0,4433.0,4375.0,4418.0,50150,4419549500.0,44180
2024-11-28 00:00:00+08:00,4418.0,4429.0,4370.0,4378.0,54055,4750703380.0,45050
2024-11-29 00:00:00+08:00,4399.0,4422.0,4382.0,4419.0,43382,3821293060.0,45583
2024-12-02 00:00:00+08:00,4415.0,4492.0,4384.0,4471.0,75301,6684418200.0,47017
2024-12-03 00:00:00+08:00,4481.0,4502.0,4456.0,4480.0,43159,3861357480.0,46360
2024-12-04 00:00:00+08:00,4501.0,4501.0,4434.0,4446.0,46177,4116793620.0,44873
2024-12-05 00:00:00+08:00,4455.0,4504.0,4411.0,4417.0,67642,6035253840.0,43517
2024-12-06 00:00:00+08:00,4423.0,4429.0,4308.0,4315.0,92182,8014623540.0,44417
2024-12-09 00:00:00+08:00,4323.0,4363.0,4310.0,4355.0,46301,4020650060.0,40364
2024-12-10 00:00:00+08:00,4365.0,4440.0,4363.0,4386.0,47308,4162199220.0,33011
2024-12-11 00:00:00+08:00,4386.0,4469.0,4383.0,4460.0,41588,3682800880.0,30725
2024-12-12 00:00:00+08:00,4463.0,4498.0,4436.0,4482.0,32681,2920973140.0,27839
2024-12-13 00:00:00+08:00,4482.0,4484.0,4433.0,4451.0,27053,2408963260.0,22039
2024-12-16 00:00:00+08:00,4382.0,4382.0,4293.0,4358.0,48809,4229532220.0,54846
2024-12-17 00:00:00+08:00,4360.0,4360.0,4322.0,4325.0,33879,2941499140.0,56977
2024-12-18 00:00:00+08:00,4303.0,4320.0,4276.0,4294.0,47425,4074833380.0,61201
2024-12-19 00:00:00+08:00,4311.0,4320.0,4252.0,4307.0,59103,5071035480.0,62363
2024-12-20 00:00:00+08:00,4302.0,4330.0,4255.0,4275.0,54469,4669867800.0,65452
2024-12-23 00:00:00+08:00,4279.0,4294.0,4237.0,4271.0,53562,4567615400.0,66352
2024-12-24 00:00:00+08:00,4251.0,4320.0,4242.0,4320.0,52018,4463046980.0,67822
2024-12-25 00:00:00+08:00,4320.0,4343.0,4303.0,4325.0,50676,4381854760.0,65918
2024-12-26 00:00:00+08:00,4310.0,4363.0,4306.0,4355.0,50563,4387668500.0,67051
2024-12-27 00:00:00+08:00,4360.0,4379.0,4320.0,4325.0,48359.0,4200972360.0,66984.0
2024-12-30 00:00:00+08:00,4346.0,4371.0,4329.0,4353.0,49254.0,4283930160.0,65172.0
2024-12-31 00:00:00+08:00,4359.0,4591.0,4359.0,4541.0,230560.0,20728336740.0,73802.0
2025-01-02 00:00:00+08:00,4539.0,4548.0,4470.0,4499.0,86382.0,7779328760.0,68938.0
2025-01-03 00:00:00+08:00,4517.0,4521.0,4441.0,4444.0,75413.0,6745412340.0,60919.0
2025-01-06 00:00:00+08:00,4462.0,4500.0,4413.0,4428.0,85213.0,7615053980.0,56904.0
2025-01-07 00:00:00+08:00,4443.0,4449.0,4323.0,4377.0,86018.0,7530996260.0,45580.0
2025-01-08 00:00:00+08:00,4396.0,4425.0,4366.0,4375.0,65281.0,5745529340.0,38684.0
2025-01-09 00:00:00+08:00,4396.0,4462.0,4379.0,4449.0,66508.0,5895115200.0,36144.0
2025-01-10 00:00:00+08:00,4458.0,4493.0,4444.0,4480.0,45257.0,4048274460.0,33225.0
2025-01-13 00:00:00+08:00,4519.0,4665.0,4463.0,4596.0,103494.0,9472379840.0,27822.0
2025-01-14 00:00:00+08:00,4595.0,4699.0,4585.0,4675.0,70883.0,6595008340.0,27029.0
2025-01-15 00:00:00+08:00,4661.0,4680.0,4602.0,4654.0,46374.0,4308780400.0,21815.0
2025-01-16 00:00:00+08:00,4526.0,4603.0,4474.0,4590.0,83829.0,7605017720.0,77687.0
2025-01-17 00:00:00+08:00,4571.0,4617.0,4511.0,4565.0,86787.0,7924406160.0,82397.0
2025-01-20 00:00:00+08:00,4555.0,4566.0,4466.0,4498.0,79588.0,7166470320.0,77310.0
2025-01-21 00:00:00+08:00,4502.0,4510.0,4454.0,4459.0,60035.0,5381466080.0,73855.0
2025-01-22 00:00:00+08:00,4443.0,4443.0,4378.0,4399.0,65456.0,5759718460.0,66896.0
2025-01-23 00:00:00+08:00,4390.0,4417.0,4308.0,4323.0,66825.0,5825286240.0,59110.0
2025-01-24 00:00:00+08:00,4340.0,4354.0,4291.0,4310.0,49728.0,4297504400.0,52296.0
2025-01-27 00:00:00+08:00,4315.0,4346.0,4286.0,4287.0,36285.0,3132205980.0,48186.0
2025-02-05 00:00:00+08:00,4290.0,4396.0,4290.0,4369.0,36922.0,3219117080.0,47307.0
2025-02-06 00:00:00+08:00,4355.0,4425.0,4351.0,4381.0,54108.0,4757602980.0,48177.0
2025-02-07 00:00:00+08:00,4386.0,4400.0,4322.0,4368.0,68017.0,5917496940.0,46707.0
2025-02-10 00:00:00+08:00,4374.0,4416.0,4346.0,4360.0,68235.0,5976269200.0,44572.0
2025-02-11 00:00:00+08:00,4364.0,4395.0,4341.0,4395.0,54101.0,4730021660.0,42497.0
2025-02-12 00:00:00+08:00,4408.0,4420.0,4352.0,4403.0,58277.0,5114929420.0,37591.0
2025-02-13 00:00:00+08:00,4381.0,4393.0,4261.0,4285.0,69827.0,6037011080.0,35095.0
2025-02-14 00:00:00+08:00,4285.0,4336.0,4277.0,4299.0,56287.0,4855571640.0,30165.0
2025-02-17 00:00:00+08:00,4288.0,4313.0,4266.0,4310.0,36618.0,3140791960.0,27171.0
2025-02-18 00:00:00+08:00,4310.0,4358.0,4290.0,4348.0,34913.0,3017805440.0,21899.0
2025-02-19 00:00:00+08:00,4344.0,4393.0,4327.0,4355.0,39465.0,3442436280.0,18203.0
2025-02-20 00:00:00+08:00,4378.0,4379.0,4305.0,4310.0,29229.0,2536294720.0,18055.0
2025-02-21 00:00:00+08:00,4311.0,4325.0,4265.0,4284.0,22164.0,1905500620.0,16042.0
2025-02-24 00:00:00+08:00,4515.0,4579.0,4513.0,4536.0,55554.0,5052744420.0,62742.0
2025-02-25 00:00:00+08:00,4536.0,4552.0,4502.0,4515.0,46947.0,4244050760.0,62611.0
2025-02-26 00:00:00+08:00,4482.0,4518.0,4436.0,4461.0,71347.0,6379977920.0,66959.0
2025-02-27 00:00:00+08:00,4455.0,4506.0,4445.0,4495.0,48614.0,4348495320.0,63328.0
2025-02-28 00:00:00+08:00,4510.0,4548.0,4506.0,4522.0,57983.0,5250595460.0,58501.0
2025-03-03 00:00:00+08:00,4514.0,4556.0,4492.0,4542.0,52902.0,4791331500.0,57202.0
2025-03-04 00:00:00+08:00,4550.0,4555.0,4477.0,4482.0,58035.0,5232747500.0,54804.0
2025-03-05 00:00:00+08:00,4470.0,4525.0,4449.0,4514.0,63862.0,5721352840.0,53486.0
2025-03-06 00:00:00+08:00,4495.0,4601.0,4484.0,4590.0,100580.0,9123442360.0,47913.0
2025-03-07 00:00:00+08:00,4595.0,4634.0,4573.0,4581.0,82115.0,7557040080.0,45237.0
2025-03-10 00:00:00+08:00,4595.0,4619.0,4556.0,4587.0,55843.0,5120742980.0,42580.0
2025-03-11 00:00:00+08:00,4600.0,4641.0,4568.0,4634.0,80721.0,7435433680.0,43411.0
2025-03-12 00:00:00+08:00,4637.0,4650.0,4588.0,4604.0,57279.0,5286017520.0,43079.0
2025-03-13 00:00:00+08:00,4617.0,4696.0,4617.0,4678.0,85368.0,7967815700.0,45644.0
2025-03-14 00:00:00+08:00,4678.0,4705.0,4653.0,4694.0,46292.0,4339006440.0,46133.0
2025-03-17 00:00:00+08:00,4701.0,4704.0,4641.0,4664.0,52062.0,4852623340.0,41264.0
2025-03-18 00:00:00+08:00,4670.0,4725.0,4651.0,4704.0,58133.0,5446804100.0,40867.0
2025-03-19 00:00:00+08:00,4711.0,4721.0,4661.0,4673.0,50000.0,4698518220.0,32679.0
2025-03-20 00:00:00+08:00,4678.0,4695.0,4645.0,4652.0,44186.0,4124030600.0,25510.0
2025-03-21 00:00:00+08:00,4655.0,4713.0,4653.0,4677.0,27434.0,2565389460.0,20165.0
2025-03-24 00:00:00+08:00,4528.0,4582.0,4510.0,4571.0,61652.0,5615335760.0,71917.0
2025-03-25 00:00:00+08:00,4579.0,4595.0,4545.0,4585.0,56292.0,5151251000.0,71775.0
2025-03-26 00:00:00+08:00,4599.0,4646.0,4587.0,4633.0,70426.0,6505882780.0,80223.0
2025-03-27 00:00:00+08:00,4643.0,4667.0,4604.0,4613.0,85171.0,7902129860.0,78541.0
2025-03-28 00:00:00+08:00,4620.0,4643.0,4603.0,4608.0,50295.0,4647392000.0,77593.0
2025-03-31 00:00:00+08:00,4603.0,4619.0,4565.0,4612.0,55895.0,5138306980.0,74861.0
2025-04-01 00:00:00+08:00,4611.0,4644.0,4579.0,4625.0,57923.0,5344164140.0,74030.0
2025-04-02 00:00:00+08:00,4617.0,4696.0,4595.0,4646.0,89094.0,8276211780.0,76184.0
2025-04-03 00:00:00+08:00,4642.0,4684.0,4617.0,4659.0,72220.0,6722439460.0,74432.0
2025-04-07 00:00:00+08:00,4750.0,4750.0,4472.0,4566.0,161759.0,14920591980.0,62383.0
2025-04-08 00:00:00+08:00,4598.0,4627.0,4505.0,4513.0,106494.0,9728332900.0,57600.0
2025-04-09 00:00:00+08:00,4503.0,4527.0,4342.0,4364.0,109665.0,9692785540.0,52747.0
2025-04-10 00:00:00+08:00,4300.0,4516.0,4272.0,4491.0,90029.0,7944981240.0,47214.0
2025-04-11 00:00:00+08:00,4450.0,4472.0,4367.0,4394.0,64123.0,5666276840.0,44363.0
2025-04-14 00:00:00+08:00,4376.0,4490.0,4337.0,4487.0,93353.0,8225113140.0,34899.0
2025-04-15 00:00:00+08:00,4497.0,4528.0,4418.0,4423.0,73125,6556973100.0,28122
2025-04-15 00:00:00+08:00,4497.0,4528.0,4418.0,4423.0,73125,6556973100.0,28122
2025-04-16 00:00:00+08:00,4402.0,4454.0,4399.0,4444.0,55507,4913167820.0,24269
2025-04-16 00:00:00+08:00,4402.0,4454.0,4399.0,4444.0,55507,4913167820.0,24269
2025-04-17 00:00:00+08:00,4460.0,4506.0,4446.0,4483.0,54485,4882152140.0,19492
2025-04-17 00:00:00+08:00,4460.0,4506.0,4446.0,4483.0,54485,4882152140.0,19492
2025-04-18 00:00:00+08:00,4504.0,4530.0,4480.0,4517.0,27234,2453757400.0,14772
2025-04-18 00:00:00+08:00,4504.0,4530.0,4480.0,4517.0,27234,2453757400.0,14772
2025-04-21 00:00:00+08:00,4390.0,4402.0,4354.0,4375.0,58084,5083338780.0,69109
2025-04-22 00:00:00+08:00,4368.0,4398.0,4362.0,4397.0,61102.0,5354517360.0,66858.0
2025-04-23 00:00:00+08:00,4403.0,4470.0,4372.0,4463.0,73360.0,6481536920.0,65501.0
2025-04-24 00:00:00+08:00,4440.0,4450.0,4407.0,4433.0,52705.0,4673522380.0,65851.0
2025-04-25 00:00:00+08:00,4428.0,4434.0,4381.0,4384.0,59573.0,5249851340.0,69772.0
2025-04-28 00:00:00+08:00,4370.0,4420.0,4359.0,4409.0,62091,5458711580.0,67190
2025-04-29 00:00:00+08:00,4407.0,4408.0,4355.0,4399.0,52103.0,4568328060.0,63395.0
2025-04-30 00:00:00+08:00,4389.0,4430.0,4363.0,4400.0,73226.0,6434627900.0,60054.0
2025-05-06 00:00:00+08:00,4368.0,4458.0,4325.0,4447.0,66445.0,5846918220.0,64720.0
2025-05-07 00:00:00+08:00,4459.0,4483.0,4430.0,4448.0,60926.0,5422478660.0,64205.0
2025-05-08 00:00:00+08:00,4439.0,4454.0,4368.0,4381.0,66542.0,5863909340.0,58883.0
2025-05-09 00:00:00+08:00,4390.0,4415.0,4355.0,4367.0,55048.0,4828161020.0,58531.0
2025-05-13 00:00:00+08:00,4383.0,4394.0,4260.0,4295.0,98476.0,8504439000.0,62665.0
2025-05-14 00:00:00+08:00,4312.0,4417.0,4303.0,4356.0,100442.0,8775655980.0,54898.0
2025-05-15 00:00:00+08:00,4350.0,4354.0,4266.0,4269.0,79440.0,6833640760.0,56401.0
2025-05-16 00:00:00+08:00,4263.0,4322.0,4251.0,4274.0,75858.0,6494792960.0,50644.0
2025-05-19 00:00:00+08:00,4283.0,4286.0,4245.0,4266.0,58455,4985885940.0,43782
2025-05-20 00:00:00+08:00,4274.0,4274.0,4214.0,4225.0,41210,3498209520.0,39028
2025-05-21 00:00:00+08:00,4215.0,4262.0,4215.0,4236.0,40710,3451727620.0,31963
2025-05-22 00:00:00+08:00,4237.0,4237.0,4177.0,4181.0,31324,2634861780.0,27056
2025-05-23 00:00:00+08:00,4125.0,4140.0,4031.0,4041.0,70265,5742563860.0,78378
2025-05-26 00:00:00+08:00,4043.0,4079.0,4039.0,4062.0,58260,4735753240.0,77997
2025-05-27 00:00:00+08:00,4071.0,4108.0,4061.0,4090.0,61502,5017925340.0,75989
2025-05-28 00:00:00+08:00,4092.0,4106.0,4068.0,4097.0,64040,5239544860.0,73611
2025-05-29 00:00:00+08:00,4111.0,4134.0,4074.0,4120.0,71419,5863958060.0,71553
2025-05-30 00:00:00+08:00,4097.0,4106.0,3990.0,3992.0,79663,6430976460.0,71892
2025-06-03 00:00:00+08:00,4025.0,4095.0,4025.0,4072.0,60587,4937015660.0,66910
2025-06-04 00:00:00+08:00,4081.0,4095.0,4039.0,4088.0,62426,5082464800.0,64072
2025-06-05 00:00:00+08:00,4085.0,4113.0,4076.0,4089.0,62874,5150471180.0,61846
2025-06-06 00:00:00+08:00,4095.0,4130.0,4072.0,4098.0,61036,5007216120.0,57393
